[2026-09-03 02:15:58 UTC] === refresh started ===
collecting at 2026-09-03T02:15:58Z

pull requests
  wrote data/raw/pulls.json (534 records)
issues
  wrote data/raw/issues.json (139 records)
contribution proofs
  wrote data/raw/proofs.json (143 records)
artifacts
  1473 candidates (4 new, 1469 cached)
  1018 genuinely reference Technocore
  wrote data/raw/artifacts.json (1018 records)
  wrote data/raw/meta.json (1 records)

done
ranked 849 people -> data/leaderboard.json

   #  who                           pts  PRs iss proof art
   1  khenzarr                       36    2   0     0   3
   2  2TheMoom                       35    1   1     0   2
   3  doboongkun                     34    2   0     0   2
   4  zkasuran                       34    1   0     0   3
   5  Magicianhax                    33    2   1     0   1
   6  bunnyyxtan                     30    0   0     0   3
   7  miyawakiclaude                 30    0   0     0   3
   8  alisemut0711-dev               29    1   0     0   3
   9  Elfet                          28    2   0     0   1
  10  Rizkijack                      27    0   0     0   3
  11  kenmori                        26    0   0     0   3
  12  iamiskender                    25    0   0     0   3
  13  Makabeez                       25    0   0     0   3
  14  Arafat128                      24    0   0     0   3
  15  bono574-cloud                  24    0   0     0   3
wrote docs/index.html (41,370 bytes) and docs/leaderboard.json
[2026-09-03 02:21:55 UTC] ranking changed: 849 people
[2026-09-03 02:21:56 UTC] PUBLISHED
[2026-09-03 03:21:56 UTC] === refresh started ===
  ! gh api repos/brkcinar/technocore-bridge-ledger/readme...: gh: Not Found (HTTP 404)
  ! gh api repos/emir-eth/technocore-agent-console/readme...: gh: Not Found (HTTP 404)
  ! gh api repos/iceiceic3/technocore-agent-passport/readme...: gh: Not Found (HTTP 404)
collecting at 2026-09-03T03:21:56Z

pull requests
  wrote data/raw/pulls.json (534 records)
issues
  wrote data/raw/issues.json (139 records)
contribution proofs
  wrote data/raw/proofs.json (143 records)
artifacts
  1473 candidates (6 new, 1467 cached)
  1014 genuinely reference Technocore
  wrote data/raw/artifacts.json (1014 records)
  wrote data/raw/meta.json (1 records)

done
ranked 848 people -> data/leaderboard.json

   #  who                           pts  PRs iss proof art
   1  khenzarr                       29    2   0     0   3
   2  Magicianhax                    29    2   1     0   1
   3  doboongkun                     28    2   0     0   2
   4  2TheMoom                       25    1   1     0   2
   5  Elfet                          24    2   0     0   1
   6  zkasuran                       23    1   0     0   3
   7  Orvynel                        20    2   0     0   0
   8  yinchun6969                    20    2   0     0   0
   9  erhnysr                        18    1   0     0   3
  10  teyrebaz33                     18    1   1     0   1
  11  alisemut0711-dev               17    1   0     0   2
  12  bunnyyxtan                     15    0   0     0   3
  13  emberkelp                      15    1   1     0   0
  14  miyawakiclaude                 15    0   0     0   3
  15  almondous                      14    1   0     0   1
  social card: rendered
wrote docs/index.html (43,283 bytes) and docs/leaderboard.json
[2026-09-03 03:27:47 UTC] ranking changed: 848 people
[2026-09-03 03:27:49 UTC] PUBLISHED
[2026-09-03 04:27:49 UTC] === refresh started ===
collecting at 2026-09-03T04:27:49Z

pull requests
  wrote data/raw/pulls.json (535 records)
issues
  wrote data/raw/issues.json (139 records)
contribution proofs
  wrote data/raw/proofs.json (140 records)
artifacts
  1469 candidates (6 new, 1463 cached)
  1012 genuinely reference Technocore
  wrote data/raw/artifacts.json (1012 records)
  wrote data/raw/meta.json (1 records)

done
ranked 846 people -> data/leaderboard.json

   #  who                           pts  PRs iss proof art
   1  khenzarr                       29    2   0     0   3
   2  Magicianhax                    29    2   1     0   1
   3  doboongkun                     28    2   0     0   2
   4  2TheMoom                       25    1   1     0   2
   5  Elfet                          24    2   0     0   1
   6  zkasuran                       23    1   0     0   3
   7  Orvynel                        20    2   0     0   0
   8  yinchun6969                    20    2   0     0   0
   9  erhnysr                        18    1   0     0   3
  10  teyrebaz33                     18    1   1     0   1
  11  alisemut0711-dev               17    1   0     0   2
  12  bunnyyxtan                     15    0   0     0   3
  13  emberkelp                      15    1   1     0   0
  14  miyawakiclaude                 15    0   0     0   3
  15  almondous                      14    1   0     0   1
  social card: rendered
wrote docs/index.html (43,283 bytes) and docs/leaderboard.json
[2026-09-03 04:34:22 UTC] ranking changed: 846 people
[2026-09-03 04:34:23 UTC] PUBLISHED
[2026-09-03 05:34:23 UTC] === refresh started ===
collecting at 2026-09-03T05:34:23Z

pull requests
  wrote data/raw/pulls.json (538 records)
issues
  wrote data/raw/issues.json (139 records)
contribution proofs
  wrote data/raw/proofs.json (143 records)
artifacts
  1475 candidates (1 new, 1474 cached)
  1019 genuinely reference Technocore
  wrote data/raw/artifacts.json (1019 records)
  wrote data/raw/meta.json (1 records)

done
ranked 850 people -> data/leaderboard.json

   #  who                           pts  PRs iss proof art
   1  khenzarr                       29    2   0     0   3
   2  Magicianhax                    29    2   1     0   1
   3  doboongkun                     28    2   0     0   2
   4  2TheMoom                       25    1   1     0   2
   5  Elfet                          24    2   0     0   1
   6  zkasuran                       23    1   0     0   3
   7  Orvynel                        20    2   0     0   0
   8  yinchun6969                    20    2   0     0   0
   9  erhnysr                        18    1   0     0   3
  10  teyrebaz33                     18    1   1     0   1
  11  alisemut0711-dev               17    1   0     0   2
  12  bunnyyxtan                     15    0   0     0   3
  13  emberkelp                      15    1   1     0   0
  14  miyawakiclaude                 15    0   0     0   3
  15  WIZARDspace                    15    1   1     0   0
  social card: rendered
wrote docs/index.html (43,162 bytes) and docs/leaderboard.json
[2026-09-03 05:40:25 UTC] ranking changed: 850 people
[2026-09-03 05:40:27 UTC] PUBLISHED
[2026-09-03 06:40:27 UTC] === refresh started ===
  ! gh api repos/faisalnugroho/technocore-bounty-board/readme...: gh: Not Found (HTTP 404)
collecting at 2026-09-03T06:40:27Z

pull requests
  wrote data/raw/pulls.json (537 records)
issues
  wrote data/raw/issues.json (139 records)
contribution proofs
  wrote data/raw/proofs.json (145 records)
artifacts
  1474 candidates (5 new, 1469 cached)
  1020 genuinely reference Technocore
  wrote data/raw/artifacts.json (1020 records)
  wrote data/raw/meta.json (1 records)

done
ranked 853 people -> data/leaderboard.json

   #  who                           pts  PRs iss proof art
   1  khenzarr                       29    2   0     0   3
   2  Magicianhax                    29    2   1     0   1
   3  doboongkun                     28    2   0     0   2
   4  2TheMoom                       25    1   1     0   2
   5  Elfet                          24    2   0     0   1
   6  zkasuran                       23    1   0     0   3
   7  Orvynel                        20    2   0     0   0
   8  yinchun6969                    20    2   0     0   0
   9  erhnysr                        18    1   0     0   3
  10  teyrebaz33                     18    1   1     0   1
  11  alisemut0711-dev               17    1   0     0   2
  12  bunnyyxtan                     15    0   0     0   3
  13  emberkelp                      15    1   1     0   0
  14  miyawakiclaude                 15    0   0     0   3
  15  WIZARDspace                    15    1   1     0   0
  social card: rendered
wrote docs/index.html (43,832 bytes) and docs/leaderboard.json
[2026-09-03 06:47:32 UTC] ranking changed: 853 people
[2026-09-03 06:47:33 UTC] PUBLISHED
[2026-09-03 07:47:33 UTC] === refresh started ===
collecting at 2026-09-03T07:47:34Z

pull requests
  wrote data/raw/pulls.json (537 records)
issues
  wrote data/raw/issues.json (139 records)
contribution proofs
  wrote data/raw/proofs.json (145 records)
artifacts
  1475 candidates (3 new, 1472 cached)
  1018 genuinely reference Technocore
  wrote data/raw/artifacts.json (1018 records)
  wrote data/raw/meta.json (1 records)

done
ranked 850 people -> data/leaderboard.json

   #  who                           pts  PRs iss proof art
   1  khenzarr                       29    2   0     0   3
   2  Magicianhax                    29    2   1     0   1
   3  doboongkun                     28    2   0     0   2
   4  2TheMoom                       25    1   1     0   2
   5  Elfet                          24    2   0     0   1
   6  zkasuran                       23    1   0     0   3
   7  Orvynel                        20    2   0     0   0
   8  yinchun6969                    20    2   0     0   0
   9  erhnysr                        19    1   0     0   3
  10  teyrebaz33                     18    1   1     0   1
  11  alisemut0711-dev               17    1   0     0   2
  12  bunnyyxtan                     15    0   0     0   3
  13  emberkelp                      15    1   1     0   0
  14  miyawakiclaude                 15    0   0     0   3
  15  WIZARDspace                    15    1   1     0   0
  social card: rendered
wrote docs/index.html (43,808 bytes) and docs/leaderboard.json
[2026-09-03 07:54:08 UTC] ranking changed: 850 people
[2026-09-03 07:54:10 UTC] PUBLISHED
[2026-09-03 08:54:10 UTC] === refresh started ===
collecting at 2026-09-03T08:54:10Z

pull requests
  wrote data/raw/pulls.json (536 records)
issues
  wrote data/raw/issues.json (139 records)
contribution proofs
  wrote data/raw/proofs.json (145 records)
artifacts
  1475 candidates (3 new, 1472 cached)
  1018 genuinely reference Technocore
  wrote data/raw/artifacts.json (1018 records)
  wrote data/raw/meta.json (1 records)

done
ranked 851 people -> data/leaderboard.json

   #  who                           pts  PRs iss proof art
   1  khenzarr                       29    2   0     0   3
   2  Magicianhax                    29    2   1     0   1
   3  doboongkun                     28    2   0     0   2
   4  2TheMoom                       25    1   1     0   2
   5  Elfet                          24    2   0     0   1
   6  zkasuran                       23    1   0     0   3
   7  Orvynel                        20    2   0     0   0
   8  yinchun6969                    20    2   0     0   0
   9  erhnysr                        19    1   0     0   3
  10  teyrebaz33                     18    1   1     0   1
  11  alisemut0711-dev               17    1   0     0   2
  12  bunnyyxtan                     15    0   0     0   3
  13  emberkelp                      15    1   1     0   0
  14  miyawakiclaude                 15    0   0     0   3
  15  WIZARDspace                    15    1   1     0   0
  social card: rendered
wrote docs/index.html (43,808 bytes) and docs/leaderboard.json
[2026-09-03 09:01:37 UTC] ranking changed: 851 people
[2026-09-03 09:01:39 UTC] PUBLISHED
[2026-09-03 10:01:39 UTC] === refresh started ===
collecting at 2026-09-03T10:01:39Z

pull requests
  wrote data/raw/pulls.json (536 records)
issues
  wrote data/raw/issues.json (139 records)
contribution proofs
  wrote data/raw/proofs.json (146 records)
artifacts
  1475 candidates (0 new, 1475 cached)
  1019 genuinely reference Technocore
  wrote data/raw/artifacts.json (1019 records)
  wrote data/raw/meta.json (1 records)

done
ranked 853 people -> data/leaderboard.json

   #  who                           pts  PRs iss proof art
   1  khenzarr                       29    2   0     0   3
   2  Magicianhax                    29    2   1     0   1
   3  doboongkun                     28    2   0     0   2
   4  2TheMoom                       25    1   1     0   2
   5  Elfet                          24    2   0     0   1
   6  zkasuran                       23    1   0     0   3
   7  Orvynel                        20    2   0     0   0
   8  yinchun6969                    20    2   0     0   0
   9  erhnysr                        19    1   0     0   3
  10  teyrebaz33                     18    1   1     0   1
  11  alisemut0711-dev               17    1   0     0   2
  12  bunnyyxtan                     15    0   0     0   3
  13  emberkelp                      15    1   1     0   0
  14  miyawakiclaude                 15    0   0     0   3
  15  WIZARDspace                    15    1   1     0   0
  social card: rendered
wrote docs/index.html (43,808 bytes) and docs/leaderboard.json
[2026-09-03 10:08:20 UTC] ranking changed: 853 people
[2026-09-03 10:08:21 UTC] PUBLISHED
[2026-09-03 11:08:21 UTC] === refresh started ===
collecting at 2026-09-03T11:08:21Z

pull requests
  wrote data/raw/pulls.json (536 records)
issues
  wrote data/raw/issues.json (139 records)
contribution proofs
  wrote data/raw/proofs.json (146 records)
artifacts
  1478 candidates (3 new, 1475 cached)
  1022 genuinely reference Technocore
  wrote data/raw/artifacts.json (1022 records)
  wrote data/raw/meta.json (1 records)

done
ranked 854 people -> data/leaderboard.json

   #  who                           pts  PRs iss proof art
   1  khenzarr                       29    2   0     0   3
   2  Magicianhax                    29    2   1     0   1
   3  doboongkun                     28    2   0     0   2
   4  2TheMoom                       25    1   1     0   2
   5  Elfet                          24    2   0     0   1
   6  zkasuran                       23    1   0     0   3
   7  alisemut0711-dev               21    1   0     0   3
   8  Orvynel                        20    2   0     0   0
   9  yinchun6969                    20    2   0     0   0
  10  erhnysr                        19    1   0     0   3
  11  teyrebaz33                     18    1   1     0   1
  12  bunnyyxtan                     15    0   0     0   3
  13  emberkelp                      15    1   1     0   0
  14  miyawakiclaude                 15    0   0     0   3
  15  WIZARDspace                    15    1   1     0   0
  social card: rendered
wrote docs/index.html (43,812 bytes) and docs/leaderboard.json
[2026-09-03 11:15:46 UTC] ranking changed: 854 people
[2026-09-03 11:15:47 UTC] PUBLISHED
[2026-09-03 12:15:48 UTC] === refresh started ===
collecting at 2026-09-03T12:15:48Z

pull requests
  wrote data/raw/pulls.json (536 records)
issues
  wrote data/raw/issues.json (139 records)
contribution proofs
  wrote data/raw/proofs.json (145 records)
artifacts
  1474 candidates (1 new, 1473 cached)
  1018 genuinely reference Technocore
  wrote data/raw/artifacts.json (1018 records)
  wrote data/raw/meta.json (1 records)

done
ranked 851 people -> data/leaderboard.json

   #  who                           pts  PRs iss proof art
   1  khenzarr                       29    2   0     0   3
   2  Magicianhax                    29    2   1     0   1
   3  doboongkun                     28    2   0     0   2
   4  2TheMoom                       25    1   1     0   2
   5  Elfet                          24    2   0     0   1
   6  zkasuran                       23    1   0     0   3
   7  Orvynel                        20    2   0     0   0
   8  yinchun6969                    20    2   0     0   0
   9  erhnysr                        19    1   0     0   3
  10  teyrebaz33                     18    1   1     0   1
  11  alisemut0711-dev               17    1   0     0   2
  12  bunnyyxtan                     15    0   0     0   3
  13  emberkelp                      15    1   1     0   0
  14  miyawakiclaude                 15    0   0     0   3
  15  WIZARDspace                    15    1   1     0   0
  social card: rendered
wrote docs/index.html (43,851 bytes) and docs/leaderboard.json
[2026-09-03 12:22:42 UTC] ranking changed: 851 people
[2026-09-03 12:22:44 UTC] PUBLISHED
[2026-09-03 13:22:44 UTC] === refresh started ===
collecting at 2026-09-03T13:22:44Z

pull requests
  wrote data/raw/pulls.json (536 records)
issues
  wrote data/raw/issues.json (139 records)
contribution proofs
  wrote data/raw/proofs.json (144 records)
artifacts
  1475 candidates (2 new, 1473 cached)
  1020 genuinely reference Technocore
  wrote data/raw/artifacts.json (1020 records)
  wrote data/raw/meta.json (1 records)

done
ranked 853 people -> data/leaderboard.json

   #  who                           pts  PRs iss proof art
   1  khenzarr                       29    2   0     0   3
   2  Magicianhax                    29    2   1     0   1
   3  doboongkun                     28    2   0     0   2
   4  2TheMoom                       25    1   1     0   2
   5  Elfet                          24    2   0     0   1
   6  zkasuran                       23    1   0     0   3
   7  Orvynel                        20    2   0     0   0
   8  yinchun6969                    20    2   0     0   0
   9  erhnysr                        19    1   0     0   3
  10  teyrebaz33                     18    1   1     0   1
  11  alisemut0711-dev               17    1   0     0   2
  12  bunnyyxtan                     15    0   0     0   3
  13  emberkelp                      15    1   1     0   0
  14  miyawakiclaude                 15    0   0     0   3
  15  WIZARDspace                    15    1   1     0   0
  social card: rendered
wrote docs/index.html (43,851 bytes) and docs/leaderboard.json
[2026-09-03 13:30:11 UTC] ranking changed: 853 people
[2026-09-03 13:30:13 UTC] PUBLISHED
[2026-09-03 14:30:13 UTC] === refresh started ===
collecting at 2026-09-03T14:30:13Z

pull requests
  wrote data/raw/pulls.json (537 records)
issues
  wrote data/raw/issues.json (140 records)
contribution proofs
  wrote data/raw/proofs.json (145 records)
artifacts
  1470 candidates (1 new, 1469 cached)
  1015 genuinely reference Technocore
  wrote data/raw/artifacts.json (1015 records)
  wrote data/raw/meta.json (1 records)

done
ranked 849 people -> data/leaderboard.json

   #  who                           pts  PRs iss proof art
   1  khenzarr                       29    2   0     0   3
   2  Magicianhax                    29    2   1     0   1
   3  doboongkun                     28    2   0     0   2
   4  2TheMoom                       25    1   1     0   2
   5  Elfet                          24    2   0     0   1
   6  zkasuran                       23    1   0     0   3
   7  Orvynel                        20    2   0     0   0
   8  yinchun6969                    20    2   0     0   0
   9  erhnysr                        19    1   0     0   3
  10  teyrebaz33                     18    1   1     0   1
  11  alisemut0711-dev               17    1   0     0   2
  12  bunnyyxtan                     15    0   0     0   3
  13  emberkelp                      15    1   1     0   0
  14  miyawakiclaude                 15    0   0     0   3
  15  WIZARDspace                    15    1   1     0   0
  social card: rendered
wrote docs/index.html (43,851 bytes) and docs/leaderboard.json
[2026-09-03 14:37:05 UTC] ranking changed: 849 people
[2026-09-03 14:37:07 UTC] PUBLISHED
[2026-09-03 15:37:07 UTC] === refresh started ===
collecting at 2026-09-03T15:37:07Z

pull requests
  wrote data/raw/pulls.json (538 records)
issues
  wrote data/raw/issues.json (140 records)
contribution proofs
  wrote data/raw/proofs.json (143 records)
artifacts
  1473 candidates (4 new, 1469 cached)
  1017 genuinely reference Technocore
  wrote data/raw/artifacts.json (1017 records)
  wrote data/raw/meta.json (1 records)

done
ranked 848 people -> data/leaderboard.json

   #  who                           pts  PRs iss proof art
   1  khenzarr                       29    2   0     0   3
   2  Magicianhax                    29    2   1     0   1
   3  doboongkun                     28    2   0     0   2
   4  2TheMoom                       25    1   1     0   2
   5  Elfet                          24    2   0     0   1
   6  zkasuran                       23    1   0     0   3
   7  Orvynel                        20    2   0     0   0
   8  yinchun6969                    20    2   0     0   0
   9  erhnysr                        19    1   0     0   3
  10  teyrebaz33                     18    1   1     0   1
  11  alisemut0711-dev               17    1   0     0   2
  12  bunnyyxtan                     15    0   0     0   3
  13  emberkelp                      15    1   1     0   0
  14  miyawakiclaude                 15    0   0     0   3
  15  WIZARDspace                    15    1   1     0   0
  social card: rendered
wrote docs/index.html (43,851 bytes) and docs/leaderboard.json
[2026-09-03 15:44:45 UTC] ranking changed: 848 people
[2026-09-03 15:44:47 UTC] PUBLISHED
[2026-09-03 16:44:47 UTC] === refresh started ===
collecting at 2026-09-03T16:44:47Z

pull requests
  wrote data/raw/pulls.json (539 records)
issues
  wrote data/raw/issues.json (140 records)
contribution proofs
  wrote data/raw/proofs.json (143 records)
artifacts
  1474 candidates (1 new, 1473 cached)
  1018 genuinely reference Technocore
  wrote data/raw/artifacts.json (1018 records)
  wrote data/raw/meta.json (1 records)

done
ranked 853 people -> data/leaderboard.json

   #  who                           pts  PRs iss proof art
   1  khenzarr                       29    2   0     0   3
   2  Magicianhax                    29    2   1     0   1
   3  doboongkun                     28    2   0     0   2
   4  2TheMoom                       25    1   1     0   2
   5  Elfet                          24    2   0     0   1
   6  zkasuran                       23    1   0     0   3
   7  Orvynel                        20    2   0     0   0
   8  yinchun6969                    20    2   0     0   0
   9  erhnysr                        19    1   0     0   3
  10  teyrebaz33                     18    1   1     0   1
  11  alisemut0711-dev               17    1   0     0   2
  12  bunnyyxtan                     15    0   0     0   3
  13  emberkelp                      15    1   1     0   0
  14  miyawakiclaude                 15    0   0     0   3
  15  WIZARDspace                    15    1   1     0   0
  social card: rendered
wrote docs/index.html (43,855 bytes) and docs/leaderboard.json
[2026-09-03 16:51:24 UTC] ranking changed: 853 people
[2026-09-03 16:51:27 UTC] PUBLISHED
[2026-09-03 17:51:27 UTC] === refresh started ===
collecting at 2026-09-03T17:51:27Z

pull requests
  wrote data/raw/pulls.json (539 records)
issues
  wrote data/raw/issues.json (140 records)
contribution proofs
  wrote data/raw/proofs.json (144 records)
artifacts
  1474 candidates (0 new, 1474 cached)
  1017 genuinely reference Technocore
  wrote data/raw/artifacts.json (1017 records)
  wrote data/raw/meta.json (1 records)

done
ranked 852 people -> data/leaderboard.json

   #  who                           pts  PRs iss proof art
   1  khenzarr                       29    2   0     0   3
   2  Magicianhax                    29    2   1     0   1
   3  doboongkun                     28    2   0     0   2
   4  2TheMoom                       25    1   1     0   2
   5  Elfet                          24    2   0     0   1
   6  zkasuran                       23    1   0     0   3
   7  Orvynel                        20    2   0     0   0
   8  yinchun6969                    20    2   0     0   0
   9  erhnysr                        19    1   0     0   3
  10  teyrebaz33                     18    1   1     0   1
  11  alisemut0711-dev               17    1   0     0   2
  12  bunnyyxtan                     15    0   0     0   3
  13  emberkelp                      15    1   1     0   0
  14  miyawakiclaude                 15    0   0     0   3
  15  WIZARDspace                    15    1   1     0   0
  social card: rendered
wrote docs/index.html (43,855 bytes) and docs/leaderboard.json
[2026-09-03 17:58:43 UTC] ranking changed: 852 people
[2026-09-03 17:58:44 UTC] PUBLISHED
[2026-09-03 18:58:44 UTC] === refresh started ===
collecting at 2026-09-03T18:58:45Z

pull requests
  wrote data/raw/pulls.json (540 records)
issues
  wrote data/raw/issues.json (140 records)
contribution proofs
  wrote data/raw/proofs.json (143 records)
artifacts
  1477 candidates (2 new, 1475 cached)
  1017 genuinely reference Technocore
  wrote data/raw/artifacts.json (1017 records)
  wrote data/raw/meta.json (1 records)

done
ranked 851 people -> data/leaderboard.json

   #  who                           pts  PRs iss proof art
   1  khenzarr                       29    2   0     0   3
   2  Magicianhax                    29    2   1     0   1
   3  doboongkun                     28    2   0     0   2
   4  2TheMoom                       25    1   1     0   2
   5  Elfet                          24    2   0     0   1
   6  zkasuran                       23    1   0     0   3
   7  Orvynel                        20    2   0     0   0
   8  yinchun6969                    20    2   0     0   0
   9  erhnysr                        19    1   0     0   3
  10  teyrebaz33                     18    1   1     0   1
  11  alisemut0711-dev               17    1   0     0   2
  12  bunnyyxtan                     15    0   0     0   3
  13  emberkelp                      15    1   1     0   0
  14  miyawakiclaude                 15    0   0     0   3
  15  WIZARDspace                    15    1   1     0   0
  social card: rendered
wrote docs/index.html (43,855 bytes) and docs/leaderboard.json
[2026-09-03 19:05:16 UTC] ranking changed: 851 people
[2026-09-03 19:05:17 UTC] PUBLISHED
[2026-09-03 20:05:18 UTC] === refresh started ===
collecting at 2026-09-03T20:05:18Z

pull requests
  wrote data/raw/pulls.json (540 records)
issues
  wrote data/raw/issues.json (140 records)
contribution proofs
  wrote data/raw/proofs.json (142 records)
artifacts
  1475 candidates (0 new, 1475 cached)
  1018 genuinely reference Technocore
  wrote data/raw/artifacts.json (1018 records)
  wrote data/raw/meta.json (1 records)

done
ranked 852 people -> data/leaderboard.json

   #  who                           pts  PRs iss proof art
   1  khenzarr                       30    2   0     0   3
   2  Magicianhax                    29    2   1     0   1
   3  doboongkun                     28    2   0     0   2
   4  2TheMoom                       25    1   1     0   2
   5  Elfet                          24    2   0     0   1
   6  zkasuran                       23    1   0     0   3
   7  Orvynel                        20    2   0     0   0
   8  yinchun6969                    20    2   0     0   0
   9  erhnysr                        19    1   0     0   3
  10  teyrebaz33                     18    1   1     0   1
  11  alisemut0711-dev               17    1   0     0   2
  12  bunnyyxtan                     15    0   0     0   3
  13  emberkelp                      15    1   1     0   0
  14  miyawakiclaude                 15    0   0     0   3
  15  WIZARDspace                    15    1   1     0   0
  social card: rendered
wrote docs/index.html (43,753 bytes) and docs/leaderboard.json
[2026-09-03 20:12:24 UTC] ranking changed: 852 people
[2026-09-03 20:12:26 UTC] PUBLISHED
[2026-09-03 21:12:26 UTC] === refresh started ===
collecting at 2026-09-03T21:12:26Z

pull requests
  wrote data/raw/pulls.json (540 records)
issues
  wrote data/raw/issues.json (140 records)
contribution proofs
  wrote data/raw/proofs.json (143 records)
artifacts
  1474 candidates (0 new, 1474 cached)
  1015 genuinely reference Technocore
  wrote data/raw/artifacts.json (1015 records)
  wrote data/raw/meta.json (1 records)

done
ranked 850 people -> data/leaderboard.json

   #  who                           pts  PRs iss proof art
   1  khenzarr                       30    2   0     0   3
   2  Magicianhax                    29    2   1     0   1
   3  doboongkun                     28    2   0     0   2
   4  2TheMoom                       25    1   1     0   2
   5  Elfet                          24    2   0     0   1
   6  zkasuran                       23    1   0     0   3
   7  Orvynel                        20    2   0     0   0
   8  yinchun6969                    20    2   0     0   0
   9  erhnysr                        19    1   0     0   3
  10  teyrebaz33                     18    1   1     0   1
  11  alisemut0711-dev               17    1   0     0   2
  12  bunnyyxtan                     15    0   0     0   3
  13  emberkelp                      15    1   1     0   0
  14  miyawakiclaude                 15    0   0     0   3
  15  WIZARDspace                    15    1   1     0   0
  social card: rendered
wrote docs/index.html (43,753 bytes) and docs/leaderboard.json
[2026-09-03 21:18:50 UTC] ranking changed: 850 people
[2026-09-03 21:18:52 UTC] PUBLISHED
[2026-09-03 22:18:52 UTC] === refresh started ===
collecting at 2026-09-03T22:18:52Z

pull requests
  wrote data/raw/pulls.json (543 records)
issues
  wrote data/raw/issues.json (140 records)
contribution proofs
  wrote data/raw/proofs.json (142 records)
artifacts
  1476 candidates (2 new, 1474 cached)
  1019 genuinely reference Technocore
  wrote data/raw/artifacts.json (1019 records)
  wrote data/raw/meta.json (1 records)

done
ranked 853 people -> data/leaderboard.json

   #  who                           pts  PRs iss proof art
   1  khenzarr                       30    2   0     0   3
   2  Magicianhax                    29    2   1     0   1
   3  doboongkun                     28    2   0     0   2
   4  2TheMoom                       25    1   1     0   2
   5  Elfet                          24    2   0     0   1
   6  zkasuran                       23    1   0     0   3
   7  Orvynel                        20    2   0     0   0
   8  yinchun6969                    20    2   0     0   0
   9  erhnysr                        19    1   0     0   3
  10  teyrebaz33                     18    1   1     0   1
  11  alisemut0711-dev               17    1   0     0   2
  12  bunnyyxtan                     15    0   0     0   3
  13  emberkelp                      15    1   1     0   0
  14  miyawakiclaude                 15    0   0     0   3
  15  WIZARDspace                    15    1   1     0   0
  social card: rendered
wrote docs/index.html (43,753 bytes) and docs/leaderboard.json
[2026-09-03 22:25:55 UTC] ranking changed: 853 people
[2026-09-03 22:25:57 UTC] PUBLISHED
[2026-09-03 23:25:57 UTC] === refresh started ===
collecting at 2026-09-03T23:25:57Z

pull requests
  wrote data/raw/pulls.json (544 records)
issues
  wrote data/raw/issues.json (141 records)
contribution proofs
  wrote data/raw/proofs.json (143 records)
artifacts
  1476 candidates (4 new, 1472 cached)
  1020 genuinely reference Technocore
  wrote data/raw/artifacts.json (1020 records)
  wrote data/raw/meta.json (1 records)

done
ranked 851 people -> data/leaderboard.json

   #  who                           pts  PRs iss proof art
   1  khenzarr                       30    2   0     0   3
   2  Magicianhax                    29    2   1     0   1
   3  doboongkun                     28    2   0     0   2
   4  2TheMoom                       25    1   1     0   2
   5  Elfet                          24    2   0     0   1
   6  zkasuran                       23    1   0     0   3
   7  Orvynel                        20    2   0     0   0
   8  yinchun6969                    20    2   0     0   0
   9  erhnysr                        19    1   0     0   3
  10  teyrebaz33                     18    1   1     0   1
  11  alisemut0711-dev               17    1   0     0   2
  12  bunnyyxtan                     15    0   0     0   3
  13  emberkelp                      15    1   1     0   0
  14  miyawakiclaude                 15    0   0     0   3
  15  WIZARDspace                    15    1   1     0   0
  social card: rendered
wrote docs/index.html (43,799 bytes) and docs/leaderboard.json
[2026-09-03 23:31:50 UTC] ranking changed: 851 people
[2026-09-03 23:31:52 UTC] PUBLISHED
[2026-09-04 00:31:52 UTC] === refresh started ===
collecting at 2026-09-04T00:31:52Z

pull requests
  wrote data/raw/pulls.json (544 records)
issues
  wrote data/raw/issues.json (141 records)
contribution proofs
  wrote data/raw/proofs.json (142 records)
artifacts
  1476 candidates (1 new, 1475 cached)
  1016 genuinely reference Technocore
  wrote data/raw/artifacts.json (1016 records)
  wrote data/raw/meta.json (1 records)

done
ranked 849 people -> data/leaderboard.json

   #  who                           pts  PRs iss proof art
   1  khenzarr                       30    2   0     0   3
   2  Magicianhax                    29    2   1     0   1
   3  doboongkun                     28    2   0     0   2
   4  2TheMoom                       25    1   1     0   2
   5  Elfet                          24    2   0     0   1
   6  zkasuran                       23    1   0     0   3
   7  Orvynel                        20    2   0     0   0
   8  yinchun6969                    20    2   0     0   0
   9  erhnysr                        19    1   0     0   3
  10  teyrebaz33                     18    1   1     0   1
  11  alisemut0711-dev               17    1   0     0   2
  12  bunnyyxtan                     15    0   0     0   3
  13  emberkelp                      15    1   1     0   0
  14  miyawakiclaude                 15    0   0     0   3
  15  WIZARDspace                    15    1   1     0   0
  social card: rendered
wrote docs/index.html (43,904 bytes) and docs/leaderboard.json
[2026-09-04 00:38:16 UTC] ranking changed: 849 people
[2026-09-04 00:38:18 UTC] PUBLISHED
[2026-09-04 01:38:18 UTC] === refresh started ===
collecting at 2026-09-04T01:38:18Z

pull requests
  wrote data/raw/pulls.json (544 records)
issues
  wrote data/raw/issues.json (141 records)
contribution proofs
  wrote data/raw/proofs.json (139 records)
artifacts
  1468 candidates (0 new, 1468 cached)
  1014 genuinely reference Technocore
  wrote data/raw/artifacts.json (1014 records)
  wrote data/raw/meta.json (1 records)

done
ranked 850 people -> data/leaderboard.json

   #  who                           pts  PRs iss proof art
   1  khenzarr                       30    2   0     0   3
   2  Magicianhax                    29    2   1     0   1
   3  doboongkun                     28    2   0     0   2
   4  2TheMoom                       25    1   1     0   2
   5  Elfet                          24    2   0     0   1
   6  zkasuran                       23    1   0     0   3
   7  Orvynel                        20    2   0     0   0
   8  yinchun6969                    20    2   0     0   0
   9  erhnysr                        19    1   0     0   3
  10  teyrebaz33                     18    1   1     0   1
  11  alisemut0711-dev               17    1   0     0   2
  12  bunnyyxtan                     15    0   0     0   3
  13  emberkelp                      15    1   1     0   0
  14  miyawakiclaude                 15    0   0     0   3
  15  WIZARDspace                    15    1   1     0   0
  social card: rendered
wrote docs/index.html (43,904 bytes) and docs/leaderboard.json
[2026-09-04 01:44:05 UTC] ranking changed: 850 people
[2026-09-04 01:44:07 UTC] PUBLISHED
[2026-09-04 02:44:07 UTC] === refresh started ===
collecting at 2026-09-04T02:44:07Z

pull requests
  wrote data/raw/pulls.json (544 records)
issues
  wrote data/raw/issues.json (142 records)
contribution proofs
  wrote data/raw/proofs.json (141 records)
artifacts
  1478 candidates (0 new, 1478 cached)
  1022 genuinely reference Technocore
  wrote data/raw/artifacts.json (1022 records)
  wrote data/raw/meta.json (1 records)

done
ranked 855 people -> data/leaderboard.json

   #  who                           pts  PRs iss proof art
   1  khenzarr                       30    2   0     0   3
   2  Magicianhax                    29    2   1     0   1
   3  doboongkun                     28    2   0     0   2
   4  2TheMoom                       25    1   1     0   2
   5  Elfet                          24    2   0     0   1
   6  zkasuran                       23    1   0     0   3
   7  Orvynel                        20    2   0     0   0
   8  yinchun6969                    20    2   0     0   0
   9  erhnysr                        19    1   0     0   3
  10  teyrebaz33                     18    1   1     0   1
  11  alisemut0711-dev               17    1   0     0   2
  12  bunnyyxtan                     15    0   0     0   3
  13  emberkelp                      15    1   1     0   0
  14  miyawakiclaude                 15    0   0     0   3
  15  WIZARDspace                    15    1   1     0   0
  social card: rendered
wrote docs/index.html (43,904 bytes) and docs/leaderboard.json
[2026-09-04 02:50:29 UTC] ranking changed: 855 people
[2026-09-04 02:50:31 UTC] PUBLISHED
[2026-09-04 03:50:31 UTC] === refresh started ===
  ! gh api repos/congge918/technocore-tclk-inspector/readme...: gh: Not Found (HTTP 404)
collecting at 2026-09-04T03:50:31Z

pull requests
  wrote data/raw/pulls.json (544 records)
issues
  wrote data/raw/issues.json (142 records)
contribution proofs
  wrote data/raw/proofs.json (146 records)
artifacts
  1481 candidates (1 new, 1480 cached)
  1024 genuinely reference Technocore
  wrote data/raw/artifacts.json (1024 records)
  wrote data/raw/meta.json (1 records)

done
ranked 857 people -> data/leaderboard.json

   #  who                           pts  PRs iss proof art
   1  khenzarr                       30    2   0     0   3
   2  Magicianhax                    29    2   1     0   1
   3  doboongkun                     28    2   0     0   2
   4  2TheMoom                       25    1   1     0   2
   5  Elfet                          24    2   0     0   1
   6  zkasuran                       23    1   0     0   3
   7  Orvynel                        20    2   0     0   0
   8  yinchun6969                    20    2   0     0   0
   9  erhnysr                        19    1   0     0   3
  10  teyrebaz33                     18    1   1     0   1
  11  alisemut0711-dev               17    1   0     0   2
  12  bunnyyxtan                     15    0   0     0   3
  13  emberkelp                      15    1   1     0   0
  14  miyawakiclaude                 15    0   0     0   3
  15  WIZARDspace                    15    1   1     0   0
  social card: rendered
wrote docs/index.html (43,904 bytes) and docs/leaderboard.json
[2026-09-04 03:56:16 UTC] ranking changed: 857 people
[2026-09-04 03:56:17 UTC] PUBLISHED
[2026-09-04 04:56:17 UTC] === refresh started ===
  ! gh api repos/Horas78/tclk-airdrop-activity-flop-/readme...: gh: Not Found (HTTP 404)
collecting at 2026-09-04T04:56:18Z

pull requests
  wrote data/raw/pulls.json (544 records)
issues
  wrote data/raw/issues.json (142 records)
contribution proofs
  wrote data/raw/proofs.json (147 records)
artifacts
  1480 candidates (1 new, 1479 cached)
  1022 genuinely reference Technocore
  wrote data/raw/artifacts.json (1022 records)
  wrote data/raw/meta.json (1 records)

done
ranked 855 people -> data/leaderboard.json

   #  who                           pts  PRs iss proof art
   1  khenzarr                       30    2   0     0   3
   2  Magicianhax                    29    2   1     0   1
   3  doboongkun                     28    2   0     0   2
   4  2TheMoom                       25    1   1     0   2
   5  Elfet                          24    2   0     0   1
   6  zkasuran                       23    1   0     0   3
   7  Orvynel                        20    2   0     0   0
   8  yinchun6969                    20    2   0     0   0
   9  erhnysr                        19    1   0     0   3
  10  teyrebaz33                     18    1   1     0   1
  11  alisemut0711-dev               17    1   0     0   2
  12  bunnyyxtan                     15    0   0     0   3
  13  emberkelp                      15    1   1     0   0
  14  miyawakiclaude                 15    0   0     0   3
  15  WIZARDspace                    15    1   1     0   0
  social card: rendered
wrote docs/index.html (43,904 bytes) and docs/leaderboard.json
[2026-09-04 05:02:55 UTC] ranking changed: 855 people
[2026-09-04 05:02:57 UTC] PUBLISHED
[2026-09-04 06:02:57 UTC] === refresh started ===
collecting at 2026-09-04T06:02:57Z

pull requests
  wrote data/raw/pulls.json (546 records)
issues
  wrote data/raw/issues.json (142 records)
contribution proofs
  wrote data/raw/proofs.json (147 records)
artifacts
  1481 candidates (0 new, 1481 cached)
  1023 genuinely reference Technocore
  wrote data/raw/artifacts.json (1023 records)
  wrote data/raw/meta.json (1 records)

done
ranked 856 people -> data/leaderboard.json

   #  who                           pts  PRs iss proof art
   1  khenzarr                       30    2   0     0   3
   2  Magicianhax                    29    2   1     0   1
   3  doboongkun                     28    2   0     0   2
   4  2TheMoom                       25    1   1     0   2
   5  Elfet                          24    2   0     0   1
   6  zkasuran                       23    1   0     0   3
   7  Orvynel                        20    2   0     0   0
   8  yinchun6969                    20    2   0     0   0
   9  erhnysr                        19    1   0     0   3
  10  teyrebaz33                     18    1   1     0   1
  11  alisemut0711-dev               17    1   0     0   2
  12  bunnyyxtan                     15    0   0     0   3
  13  emberkelp                      15    1   1     0   0
  14  miyawakiclaude                 15    0   0     0   3
  15  WIZARDspace                    15    1   1     0   0
  social card: rendered
wrote docs/index.html (43,904 bytes) and docs/leaderboard.json
[2026-09-04 06:08:51 UTC] ranking changed: 856 people
[2026-09-04 06:08:53 UTC] PUBLISHED
[2026-09-04 07:08:53 UTC] === refresh started ===
  ! gh api repos/designernetcom/new-edge-technocore/readme...: gh: Not Found (HTTP 404)
collecting at 2026-09-04T07:08:53Z

pull requests
  wrote data/raw/pulls.json (546 records)
issues
  wrote data/raw/issues.json (144 records)
contribution proofs
  wrote data/raw/proofs.json (147 records)
artifacts
  1479 candidates (3 new, 1476 cached)
  1021 genuinely reference Technocore
  wrote data/raw/artifacts.json (1021 records)
  wrote data/raw/meta.json (1 records)

done
ranked 852 people -> data/leaderboard.json

   #  who                           pts  PRs iss proof art
   1  khenzarr                       30    2   0     0   3
   2  Magicianhax                    29    2   1     0   1
   3  doboongkun                     28    2   0     0   2
   4  2TheMoom                       25    1   1     0   2
   5  Elfet                          24    2   0     0   1
   6  zkasuran                       23    1   0     0   3
   7  Orvynel                        20    2   0     0   0
   8  yinchun6969                    20    2   0     0   0
   9  erhnysr                        19    1   0     0   3
  10  teyrebaz33                     18    1   1     0   1
  11  alisemut0711-dev               17    1   0     0   2
  12  bunnyyxtan                     15    0   0     0   3
  13  emberkelp                      15    1   1     0   0
  14  miyawakiclaude                 15    0   0     0   3
  15  WIZARDspace                    15    1   1     0   0
  social card: rendered
wrote docs/index.html (43,904 bytes) and docs/leaderboard.json
[2026-09-04 07:15:32 UTC] ranking changed: 852 people
[2026-09-04 07:15:34 UTC] PUBLISHED
[2026-09-04 08:15:34 UTC] === refresh started ===
collecting at 2026-09-04T08:15:34Z

pull requests
  wrote data/raw/pulls.json (547 records)
issues
  wrote data/raw/issues.json (144 records)
contribution proofs
  wrote data/raw/proofs.json (146 records)
artifacts
  1479 candidates (7 new, 1472 cached)
  1022 genuinely reference Technocore
  wrote data/raw/artifacts.json (1022 records)
  wrote data/raw/meta.json (1 records)

done
ranked 853 people -> data/leaderboard.json

   #  who                           pts  PRs iss proof art
   1  khenzarr                       30    2   0     0   3
   2  Magicianhax                    29    2   1     0   1
   3  doboongkun                     28    2   0     0   2
   4  2TheMoom                       25    1   1     0   2
   5  Elfet                          24    2   0     0   1
   6  zkasuran                       23    1   0     0   3
   7  Orvynel                        20    2   0     0   0
   8  yinchun6969                    20    2   0     0   0
   9  erhnysr                        19    1   0     0   3
  10  teyrebaz33                     18    1   1     0   1
  11  alisemut0711-dev               17    1   0     0   2
  12  bunnyyxtan                     15    0   0     0   3
  13  emberkelp                      15    1   1     0   0
  14  miyawakiclaude                 15    0   0     0   3
  15  WIZARDspace                    15    1   1     0   0
  social card: rendered
wrote docs/index.html (43,904 bytes) and docs/leaderboard.json
[2026-09-04 08:21:50 UTC] ranking changed: 853 people
[2026-09-04 08:21:52 UTC] PUBLISHED
[2026-09-04 09:21:52 UTC] === refresh started ===
  ! gh api repos/CHUCKSMANO/technocore-did-starter/readme...: gh: Not Found (HTTP 404)
  ! gh api repos/Ebubbe/technocore-did-verifier/readme...: gh: Not Found (HTTP 404)
collecting at 2026-09-04T09:21:52Z

pull requests
  wrote data/raw/pulls.json (550 records)
issues
  wrote data/raw/issues.json (144 records)
contribution proofs
  wrote data/raw/proofs.json (147 records)
artifacts
  1481 candidates (10 new, 1471 cached)
  1024 genuinely reference Technocore
  wrote data/raw/artifacts.json (1024 records)
  wrote data/raw/meta.json (1 records)

done
ranked 854 people -> data/leaderboard.json

   #  who                           pts  PRs iss proof art
   1  khenzarr                       30    2   0     0   3
   2  Magicianhax                    29    2   1     0   1
   3  doboongkun                     28    2   0     0   2
   4  2TheMoom                       25    1   1     0   2
   5  Elfet                          24    2   0     0   1
   6  zkasuran                       23    1   0     0   3
   7  Orvynel                        20    2   0     0   0
   8  yinchun6969                    20    2   0     0   0
   9  erhnysr                        19    1   0     0   3
  10  teyrebaz33                     18    1   1     0   1
  11  alisemut0711-dev               17    1   0     0   2
  12  bunnyyxtan                     15    0   0     0   3
  13  emberkelp                      15    1   1     0   0
  14  miyawakiclaude                 15    0   0     0   3
  15  WIZARDspace                    15    1   1     0   0
  social card: rendered
wrote docs/index.html (43,904 bytes) and docs/leaderboard.json
[2026-09-04 09:28:44 UTC] ranking changed: 854 people
[2026-09-04 09:28:46 UTC] PUBLISHED
[2026-09-04 10:28:46 UTC] === refresh started ===
collecting at 2026-09-04T10:28:46Z

pull requests
  wrote data/raw/pulls.json (552 records)
issues
  wrote data/raw/issues.json (144 records)
contribution proofs
  wrote data/raw/proofs.json (149 records)
artifacts
  1482 candidates (1 new, 1481 cached)
  1025 genuinely reference Technocore
  wrote data/raw/artifacts.json (1025 records)
  wrote data/raw/meta.json (1 records)

done
ranked 856 people -> data/leaderboard.json

   #  who                           pts  PRs iss proof art
   1  khenzarr                       30    2   0     0   3
   2  Magicianhax                    29    2   1     0   1
   3  doboongkun                     28    2   0     0   2
   4  2TheMoom                       25    1   1     0   2
   5  Elfet                          24    2   0     0   1
   6  zkasuran                       23    1   0     0   3
   7  Orvynel                        20    2   0     0   0
   8  yinchun6969                    20    2   0     0   0
   9  erhnysr                        19    1   0     0   3
  10  teyrebaz33                     18    1   1     0   1
  11  alisemut0711-dev               17    1   0     0   2
  12  bunnyyxtan                     15    0   0     0   3
  13  emberkelp                      15    1   1     0   0
  14  miyawakiclaude                 15    0   0     0   3
  15  WIZARDspace                    15    1   1     0   0
  social card: rendered
wrote docs/index.html (43,904 bytes) and docs/leaderboard.json
[2026-09-04 10:35:19 UTC] ranking changed: 856 people
[2026-09-04 10:35:21 UTC] PUBLISHED
[2026-09-04 11:35:21 UTC] === refresh started ===
collecting at 2026-09-04T11:35:22Z

pull requests
  wrote data/raw/pulls.json (553 records)
issues
  wrote data/raw/issues.json (144 records)
contribution proofs
  wrote data/raw/proofs.json (147 records)
artifacts
  1485 candidates (0 new, 1485 cached)
  1027 genuinely reference Technocore
  wrote data/raw/artifacts.json (1027 records)
  wrote data/raw/meta.json (1 records)

done
ranked 858 people -> data/leaderboard.json

   #  who                           pts  PRs iss proof art
   1  khenzarr                       30    2   0     0   3
   2  Magicianhax                    29    2   1     0   1
   3  doboongkun                     28    2   0     0   2
   4  2TheMoom                       25    1   1     0   2
   5  Elfet                          24    2   0     0   1
   6  zkasuran                       23    1   0     0   3
   7  Orvynel                        20    2   0     0   0
   8  yinchun6969                    20    2   0     0   0
   9  erhnysr                        19    1   0     0   3
  10  teyrebaz33                     18    1   1     0   1
  11  alisemut0711-dev               17    1   0     0   2
  12  bunnyyxtan                     15    0   0     0   3
  13  emberkelp                      15    1   1     0   0
  14  miyawakiclaude                 15    0   0     0   3
  15  WIZARDspace                    15    1   1     0   0
  social card: rendered
wrote docs/index.html (43,904 bytes) and docs/leaderboard.json
[2026-09-04 11:42:57 UTC] ranking changed: 858 people
[2026-09-04 11:42:59 UTC] PUBLISHED
[2026-09-04 12:42:59 UTC] === refresh started ===
  ! gh api repos/TJC-66/technocore-proof-auditor/readme...: gh: Not Found (HTTP 404)
  ! gh api repos/desibond/technocore-did-tool/readme...: gh: Not Found (HTTP 404)
  ! gh api repos/sarqovik/technocore-termux-guide/readme...: gh: Not Found (HTTP 404)
collecting at 2026-09-04T12:42:59Z

pull requests
  wrote data/raw/pulls.json (554 records)
issues
  wrote data/raw/issues.json (148 records)
contribution proofs
  wrote data/raw/proofs.json (146 records)
artifacts
  1483 candidates (3 new, 1480 cached)
  1022 genuinely reference Technocore
  wrote data/raw/artifacts.json (1022 records)
  wrote data/raw/meta.json (1 records)

done
ranked 853 people -> data/leaderboard.json

   #  who                           pts  PRs iss proof art
   1  khenzarr                       30    2   0     0   3
   2  Magicianhax                    29    2   1     0   1
   3  doboongkun                     28    2   0     0   2
   4  2TheMoom                       25    1   1     0   2
   5  Elfet                          24    2   0     0   1
   6  zkasuran                       23    1   0     0   3
   7  alisemut0711-dev               21    1   0     0   3
   8  Orvynel                        20    2   0     0   0
   9  yinchun6969                    20    2   0     0   0
  10  erhnysr                        19    1   0     0   3
  11  teyrebaz33                     18    1   1     0   1
  12  bunnyyxtan                     15    0   0     0   3
  13  emberkelp                      15    1   1     0   0
  14  miyawakiclaude                 15    0   0     0   3
  15  WIZARDspace                    15    1   1     0   0
  social card: rendered
wrote docs/index.html (43,908 bytes) and docs/leaderboard.json
[2026-09-04 12:49:28 UTC] ranking changed: 853 people
[2026-09-04 12:49:30 UTC] PUBLISHED
[2026-09-04 13:49:30 UTC] === refresh started ===
collecting at 2026-09-04T13:49:30Z

pull requests
  wrote data/raw/pulls.json (555 records)
issues
  wrote data/raw/issues.json (148 records)
contribution proofs
  wrote data/raw/proofs.json (145 records)
artifacts
  1487 candidates (2 new, 1485 cached)
  1027 genuinely reference Technocore
  wrote data/raw/artifacts.json (1027 records)
  wrote data/raw/meta.json (1 records)

done
ranked 856 people -> data/leaderboard.json

   #  who                           pts  PRs iss proof art
   1  khenzarr                       30    2   0     0   3
   2  Magicianhax                    29    2   1     0   1
   3  doboongkun                     28    2   0     0   2
   4  2TheMoom                       25    1   1     0   2
   5  Elfet                          24    2   0     0   1
   6  zkasuran                       23    1   0     0   3
   7  alisemut0711-dev               21    1   0     0   3
   8  Orvynel                        20    2   0     0   0
   9  yinchun6969                    20    2   0     0   0
  10  erhnysr                        19    1   0     0   3
  11  teyrebaz33                     18    1   1     0   1
  12  bunnyyxtan                     15    0   0     0   3
  13  emberkelp                      15    1   1     0   0
  14  miyawakiclaude                 15    0   0     0   3
  15  WIZARDspace                    15    1   1     0   0
  social card: rendered
wrote docs/index.html (43,908 bytes) and docs/leaderboard.json
[2026-09-04 13:56:33 UTC] ranking changed: 856 people
[2026-09-04 13:56:34 UTC] PUBLISHED
[2026-09-04 14:56:34 UTC] === refresh started ===
collecting at 2026-09-04T14:56:35Z

pull requests
  wrote data/raw/pulls.json (555 records)
issues
  wrote data/raw/issues.json (148 records)
contribution proofs
  wrote data/raw/proofs.json (144 records)
artifacts
  1484 candidates (3 new, 1481 cached)
  1026 genuinely reference Technocore
  wrote data/raw/artifacts.json (1026 records)
  wrote data/raw/meta.json (1 records)

done
ranked 853 people -> data/leaderboard.json

   #  who                           pts  PRs iss proof art
   1  khenzarr                       30    2   0     0   3
   2  Magicianhax                    29    2   1     0   1
   3  doboongkun                     28    2   0     0   2
   4  2TheMoom                       25    1   1     0   2
   5  Elfet                          24    2   0     0   1
   6  zkasuran                       23    1   0     0   3
   7  Orvynel                        20    2   0     0   0
   8  yinchun6969                    20    2   0     0   0
   9  erhnysr                        19    1   0     0   3
  10  teyrebaz33                     18    1   1     0   1
  11  alisemut0711-dev               17    1   0     0   2
  12  bunnyyxtan                     15    0   0     0   3
  13  emberkelp                      15    1   1     0   0
  14  miyawakiclaude                 15    0   0     0   3
  15  WIZARDspace                    15    1   1     0   0
  social card: rendered
wrote docs/index.html (43,904 bytes) and docs/leaderboard.json
[2026-09-04 15:03:09 UTC] ranking changed: 853 people
[2026-09-04 15:03:11 UTC] PUBLISHED
[2026-09-04 16:03:11 UTC] === refresh started ===
  ! gh api repos/walid1937/technocore-contributor-app/readme...: gh: Not Found (HTTP 404)
collecting at 2026-09-04T16:03:11Z

pull requests
  wrote data/raw/pulls.json (555 records)
issues
  wrote data/raw/issues.json (148 records)
contribution proofs
  wrote data/raw/proofs.json (145 records)
artifacts
  1476 candidates (6 new, 1470 cached)
  1022 genuinely reference Technocore
  wrote data/raw/artifacts.json (1022 records)
  wrote data/raw/meta.json (1 records)

done
ranked 849 people -> data/leaderboard.json

   #  who                           pts  PRs iss proof art
   1  khenzarr                       30    2   0     0   3
   2  Magicianhax                    29    2   1     0   1
   3  doboongkun                     28    2   0     0   2
   4  2TheMoom                       25    1   1     0   2
   5  Elfet                          24    2   0     0   1
   6  zkasuran                       23    1   0     0   3
   7  Orvynel                        20    2   0     0   0
   8  yinchun6969                    20    2   0     0   0
   9  erhnysr                        19    1   0     0   3
  10  teyrebaz33                     18    1   1     0   1
  11  alisemut0711-dev               17    1   0     0   2
  12  bunnyyxtan                     15    0   0     0   3
  13  emberkelp                      15    1   1     0   0
  14  miyawakiclaude                 15    0   0     0   3
  15  WIZARDspace                    15    1   1     0   0
  social card: rendered
wrote docs/index.html (43,904 bytes) and docs/leaderboard.json
[2026-09-04 16:10:10 UTC] ranking changed: 849 people
[2026-09-04 16:10:12 UTC] PUBLISHED
[2026-09-04 17:10:12 UTC] === refresh started ===
collecting at 2026-09-04T17:10:12Z

pull requests
  wrote data/raw/pulls.json (555 records)
issues
  wrote data/raw/issues.json (148 records)
contribution proofs
  wrote data/raw/proofs.json (146 records)
artifacts
  1478 candidates (2 new, 1476 cached)
  1018 genuinely reference Technocore
  wrote data/raw/artifacts.json (1018 records)
  wrote data/raw/meta.json (1 records)

done
ranked 848 people -> data/leaderboard.json

   #  who                           pts  PRs iss proof art
   1  khenzarr                       30    2   0     0   3
   2  Magicianhax                    29    2   1     0   1
   3  doboongkun                     28    2   0     0   2
   4  2TheMoom                       25    1   1     0   2
   5  Elfet                          24    2   0     0   1
   6  zkasuran                       23    1   0     0   3
   7  alisemut0711-dev               21    1   0     0   3
   8  Orvynel                        20    2   0     0   0
   9  yinchun6969                    20    2   0     0   0
  10  erhnysr                        19    1   0     0   3
  11  teyrebaz33                     18    1   1     0   1
  12  bunnyyxtan                     15    0   0     0   3
  13  emberkelp                      15    1   1     0   0
  14  miyawakiclaude                 15    0   0     0   3
  15  WIZARDspace                    15    1   1     0   0
  social card: rendered
wrote docs/index.html (43,908 bytes) and docs/leaderboard.json
[2026-09-04 17:16:39 UTC] ranking changed: 848 people
[2026-09-04 17:16:41 UTC] PUBLISHED
[2026-09-04 18:16:41 UTC] === refresh started ===
collecting at 2026-09-04T18:16:41Z

pull requests
  wrote data/raw/pulls.json (555 records)
issues
  wrote data/raw/issues.json (148 records)
contribution proofs
  wrote data/raw/proofs.json (143 records)
artifacts
  1480 candidates (0 new, 1480 cached)
  1022 genuinely reference Technocore
  wrote data/raw/artifacts.json (1022 records)
  wrote data/raw/meta.json (1 records)

done
ranked 851 people -> data/leaderboard.json

   #  who                           pts  PRs iss proof art
   1  khenzarr                       30    2   0     0   3
   2  Magicianhax                    29    2   1     0   1
   3  doboongkun                     28    2   0     0   2
   4  2TheMoom                       25    1   1     0   2
   5  Elfet                          24    2   0     0   1
   6  zkasuran                       23    1   0     0   3
   7  alisemut0711-dev               21    1   0     0   3
   8  Orvynel                        20    2   0     0   0
   9  yinchun6969                    20    2   0     0   0
  10  erhnysr                        19    1   0     0   3
  11  teyrebaz33                     18    1   1     0   1
  12  bunnyyxtan                     15    0   0     0   3
  13  emberkelp                      15    1   1     0   0
  14  miyawakiclaude                 15    0   0     0   3
  15  WIZARDspace                    15    1   1     0   0
  social card: rendered
wrote docs/index.html (43,908 bytes) and docs/leaderboard.json
[2026-09-04 18:23:51 UTC] ranking changed: 851 people
[2026-09-04 18:23:53 UTC] PUBLISHED
[2026-09-04 19:23:53 UTC] === refresh started ===
collecting at 2026-09-04T19:23:53Z

pull requests
  wrote data/raw/pulls.json (555 records)
issues
  wrote data/raw/issues.json (148 records)
contribution proofs
  wrote data/raw/proofs.json (144 records)
artifacts
  1477 candidates (2 new, 1475 cached)
  1019 genuinely reference Technocore
  wrote data/raw/artifacts.json (1019 records)
  wrote data/raw/meta.json (1 records)

done
ranked 846 people -> data/leaderboard.json

   #  who                           pts  PRs iss proof art
   1  khenzarr                       30    2   0     0   3
   2  Magicianhax                    29    2   1     0   1
   3  doboongkun                     28    2   0     0   2
   4  2TheMoom                       25    1   1     0   2
   5  Elfet                          24    2   0     0   1
   6  zkasuran                       23    1   0     0   3
   7  alisemut0711-dev               21    1   0     0   3
   8  Orvynel                        20    2   0     0   0
   9  yinchun6969                    20    2   0     0   0
  10  erhnysr                        19    1   0     0   3
  11  teyrebaz33                     18    1   1     0   1
  12  bunnyyxtan                     15    0   0     0   3
  13  emberkelp                      15    1   1     0   0
  14  miyawakiclaude                 15    0   0     0   3
  15  WIZARDspace                    15    1   1     0   0
  social card: rendered
wrote docs/index.html (43,908 bytes) and docs/leaderboard.json
[2026-09-04 19:30:19 UTC] ranking changed: 846 people
[2026-09-04 19:30:20 UTC] PUBLISHED
[2026-09-04 20:30:21 UTC] === refresh started ===
collecting at 2026-09-04T20:30:21Z

pull requests
  wrote data/raw/pulls.json (555 records)
issues
  wrote data/raw/issues.json (148 records)
contribution proofs
  wrote data/raw/proofs.json (147 records)
artifacts
  1480 candidates (1 new, 1479 cached)
  1023 genuinely reference Technocore
  wrote data/raw/artifacts.json (1023 records)
  wrote data/raw/meta.json (1 records)

done
ranked 852 people -> data/leaderboard.json

   #  who                           pts  PRs iss proof art
   1  khenzarr                       30    2   0     0   3
   2  Magicianhax                    29    2   1     0   1
   3  doboongkun                     28    2   0     0   2
   4  2TheMoom                       25    1   1     0   2
   5  Elfet                          24    2   0     0   1
   6  zkasuran                       23    1   0     0   3
   7  Orvynel                        20    2   0     0   0
   8  yinchun6969                    20    2   0     0   0
   9  erhnysr                        19    1   0     0   3
  10  teyrebaz33                     18    1   1     0   1
  11  alisemut0711-dev               17    1   0     0   2
  12  bunnyyxtan                     15    0   0     0   3
  13  emberkelp                      15    1   1     0   0
  14  miyawakiclaude                 15    0   0     0   3
  15  WIZARDspace                    15    1   1     0   0
  social card: rendered
wrote docs/index.html (43,904 bytes) and docs/leaderboard.json
[2026-09-04 20:37:03 UTC] ranking changed: 852 people
[2026-09-04 20:37:05 UTC] PUBLISHED
[2026-09-04 21:37:05 UTC] === refresh started ===
collecting at 2026-09-04T21:37:05Z

pull requests
  wrote data/raw/pulls.json (555 records)
issues
  wrote data/raw/issues.json (148 records)
contribution proofs
  wrote data/raw/proofs.json (147 records)
artifacts
  1482 candidates (0 new, 1482 cached)
  1022 genuinely reference Technocore
  wrote data/raw/artifacts.json (1022 records)
  wrote data/raw/meta.json (1 records)

done
ranked 852 people -> data/leaderboard.json

   #  who                           pts  PRs iss proof art
   1  khenzarr                       30    2   0     0   3
   2  Magicianhax                    29    2   1     0   1
   3  doboongkun                     28    2   0     0   2
   4  2TheMoom                       25    1   1     0   2
   5  Elfet                          24    2   0     0   1
   6  zkasuran                       23    1   0     0   3
   7  Orvynel                        20    2   0     0   0
   8  yinchun6969                    20    2   0     0   0
   9  erhnysr                        19    1   0     0   3
  10  teyrebaz33                     18    1   1     0   1
  11  alisemut0711-dev               17    1   0     0   2
  12  bunnyyxtan                     15    0   0     0   3
  13  emberkelp                      15    1   1     0   0
  14  miyawakiclaude                 15    0   0     0   3
  15  WIZARDspace                    15    1   1     0   0
  social card: rendered
wrote docs/index.html (43,869 bytes) and docs/leaderboard.json
[2026-09-04 21:43:08 UTC] ranking changed: 852 people
[2026-09-04 21:43:10 UTC] PUBLISHED
[2026-09-04 22:43:10 UTC] === refresh started ===
collecting at 2026-09-04T22:43:10Z

pull requests
  wrote data/raw/pulls.json (555 records)
issues
  wrote data/raw/issues.json (148 records)
contribution proofs
  wrote data/raw/proofs.json (145 records)
artifacts
  1484 candidates (0 new, 1484 cached)
  1027 genuinely reference Technocore
  wrote data/raw/artifacts.json (1027 records)
  wrote data/raw/meta.json (1 records)

done
ranked 856 people -> data/leaderboard.json

   #  who                           pts  PRs iss proof art
   1  khenzarr                       30    2   0     0   3
   2  Magicianhax                    29    2   1     0   1
   3  doboongkun                     28    2   0     0   2
   4  2TheMoom                       25    1   1     0   2
   5  Elfet                          24    2   0     0   1
   6  zkasuran                       23    1   0     0   3
   7  Orvynel                        20    2   0     0   0
   8  yinchun6969                    20    2   0     0   0
   9  erhnysr                        19    1   0     0   3
  10  teyrebaz33                     18    1   1     0   1
  11  alisemut0711-dev               17    1   0     0   2
  12  bunnyyxtan                     15    0   0     0   3
  13  emberkelp                      15    1   1     0   0
  14  miyawakiclaude                 15    0   0     0   3
  15  WIZARDspace                    15    1   1     0   0
  social card: rendered
wrote docs/index.html (43,869 bytes) and docs/leaderboard.json
[2026-09-04 22:49:38 UTC] ranking changed: 856 people
[2026-09-04 22:49:39 UTC] PUBLISHED
[2026-09-04 23:49:40 UTC] === refresh started ===
collecting at 2026-09-04T23:49:40Z

pull requests
  wrote data/raw/pulls.json (556 records)
issues
  wrote data/raw/issues.json (148 records)
contribution proofs
  wrote data/raw/proofs.json (146 records)
artifacts
  1486 candidates (2 new, 1484 cached)
  1029 genuinely reference Technocore
  wrote data/raw/artifacts.json (1029 records)
  wrote data/raw/meta.json (1 records)

done
ranked 856 people -> data/leaderboard.json

   #  who                           pts  PRs iss proof art
   1  khenzarr                       30    2   0     0   3
   2  Magicianhax                    29    2   1     0   1
   3  doboongkun                     28    2   0     0   2
   4  2TheMoom                       25    1   1     0   2
   5  Elfet                          24    2   0     0   1
   6  zkasuran                       23    1   0     0   3
   7  Orvynel                        20    2   0     0   0
   8  yinchun6969                    20    2   0     0   0
   9  erhnysr                        19    1   0     0   3
  10  teyrebaz33                     18    1   1     0   1
  11  alisemut0711-dev               17    1   0     0   2
  12  bunnyyxtan                     15    0   0     0   3
  13  emberkelp                      15    1   1     0   0
  14  miyawakiclaude                 15    0   0     0   3
  15  WIZARDspace                    15    1   1     0   0
  social card: rendered
wrote docs/index.html (43,869 bytes) and docs/leaderboard.json
[2026-09-04 23:55:31 UTC] no ranking change; nothing published
[2026-09-05 00:55:31 UTC] === refresh started ===
collecting at 2026-09-05T00:55:31Z

pull requests
  wrote data/raw/pulls.json (556 records)
issues
  wrote data/raw/issues.json (149 records)
contribution proofs
  wrote data/raw/proofs.json (146 records)
artifacts
  1484 candidates (0 new, 1484 cached)
  1024 genuinely reference Technocore
  wrote data/raw/artifacts.json (1024 records)
  wrote data/raw/meta.json (1 records)

done
ranked 852 people -> data/leaderboard.json

   #  who                           pts  PRs iss proof art
   1  khenzarr                       30    2   0     0   3
   2  Magicianhax                    29    2   1     0   1
   3  doboongkun                     28    2   0     0   2
   4  2TheMoom                       25    1   1     0   2
   5  Elfet                          24    2   0     0   1
   6  zkasuran                       23    1   0     0   3
   7  Orvynel                        20    2   0     0   0
   8  yinchun6969                    20    2   0     0   0
   9  erhnysr                        19    1   0     0   3
  10  teyrebaz33                     18    1   1     0   1
  11  alisemut0711-dev               17    1   0     0   2
  12  bunnyyxtan                     15    0   0     0   3
  13  emberkelp                      15    1   1     0   0
  14  miyawakiclaude                 15    0   0     0   3
  15  WIZARDspace                    15    1   1     0   0
  social card: rendered
wrote docs/index.html (43,869 bytes) and docs/leaderboard.json
[2026-09-05 01:01:51 UTC] ranking changed: 852 people
[2026-09-05 01:01:52 UTC] PUBLISHED
[2026-09-05 02:01:52 UTC] === refresh started ===
collecting at 2026-09-05T02:01:52Z

pull requests
  wrote data/raw/pulls.json (556 records)
issues
  wrote data/raw/issues.json (149 records)
contribution proofs
  wrote data/raw/proofs.json (144 records)
artifacts
  1485 candidates (1 new, 1484 cached)
  1025 genuinely reference Technocore
  wrote data/raw/artifacts.json (1025 records)
  wrote data/raw/meta.json (1 records)

done
ranked 852 people -> data/leaderboard.json

   #  who                           pts  PRs iss proof art
   1  khenzarr                       30    2   0     0   3
   2  Magicianhax                    29    2   1     0   1
   3  doboongkun                     28    2   0     0   2
   4  2TheMoom                       25    1   1     0   2
   5  Elfet                          24    2   0     0   1
   6  zkasuran                       23    1   0     0   3
   7  Orvynel                        20    2   0     0   0
   8  yinchun6969                    20    2   0     0   0
   9  erhnysr                        19    1   0     0   3
  10  teyrebaz33                     18    1   1     0   1
  11  alisemut0711-dev               17    1   0     0   2
  12  bunnyyxtan                     15    0   0     0   3
  13  emberkelp                      15    1   1     0   0
  14  miyawakiclaude                 15    0   0     0   3
  15  WIZARDspace                    15    1   1     0   0
  social card: rendered
wrote docs/index.html (43,869 bytes) and docs/leaderboard.json
[2026-09-05 02:07:38 UTC] ranking changed: 852 people
[2026-09-05 02:07:40 UTC] PUBLISHED
[2026-09-05 03:07:40 UTC] === refresh started ===
collecting at 2026-09-05T03:07:40Z

pull requests
  wrote data/raw/pulls.json (558 records)
issues
  wrote data/raw/issues.json (149 records)
contribution proofs
  wrote data/raw/proofs.json (145 records)
artifacts
  1487 candidates (1 new, 1486 cached)
  1027 genuinely reference Technocore
  wrote data/raw/artifacts.json (1027 records)
  wrote data/raw/meta.json (1 records)

done
ranked 856 people -> data/leaderboard.json

   #  who                           pts  PRs iss proof art
   1  khenzarr                       30    2   0     0   3
   2  Magicianhax                    29    2   1     0   1
   3  doboongkun                     28    2   0     0   2
   4  2TheMoom                       25    1   1     0   2
   5  Elfet                          24    2   0     0   1
   6  zkasuran                       23    1   0     0   3
   7  Orvynel                        20    2   0     0   0
   8  yinchun6969                    20    2   0     0   0
   9  erhnysr                        19    1   0     0   3
  10  teyrebaz33                     18    1   1     0   1
  11  alisemut0711-dev               17    1   0     0   2
  12  bunnyyxtan                     15    0   0     0   3
  13  emberkelp                      15    1   1     0   0
  14  miyawakiclaude                 15    0   0     0   3
  15  WIZARDspace                    15    1   1     0   0
  social card: rendered
wrote docs/index.html (43,858 bytes) and docs/leaderboard.json
[2026-09-05 03:14:02 UTC] ranking changed: 856 people
[2026-09-05 03:14:04 UTC] PUBLISHED
[2026-09-05 04:14:04 UTC] === refresh started ===
  ! gh api repos/Judah5808/Technocore-agent-intelligence/readme...: gh: Not Found (HTTP 404)
collecting at 2026-09-05T04:14:04Z

pull requests
  wrote data/raw/pulls.json (560 records)
issues
  wrote data/raw/issues.json (149 records)
contribution proofs
  wrote data/raw/proofs.json (145 records)
artifacts
  1486 candidates (1 new, 1485 cached)
  1025 genuinely reference Technocore
  wrote data/raw/artifacts.json (1025 records)
  wrote data/raw/meta.json (1 records)

done
ranked 854 people -> data/leaderboard.json

   #  who                           pts  PRs iss proof art
   1  khenzarr                       30    2   0     0   3
   2  Magicianhax                    29    2   1     0   1
   3  doboongkun                     28    2   0     0   2
   4  2TheMoom                       25    1   1     0   2
   5  Elfet                          24    2   0     0   1
   6  zkasuran                       23    1   0     0   3
   7  Orvynel                        20    2   0     0   0
   8  yinchun6969                    20    2   0     0   0
   9  erhnysr                        19    1   0     0   3
  10  teyrebaz33                     18    1   1     0   1
  11  alisemut0711-dev               17    1   0     0   2
  12  bunnyyxtan                     15    0   0     0   3
  13  emberkelp                      15    1   1     0   0
  14  miyawakiclaude                 15    0   0     0   3
  15  WIZARDspace                    15    1   1     0   0
  social card: rendered
wrote docs/index.html (43,869 bytes) and docs/leaderboard.json
[2026-09-05 04:19:49 UTC] ranking changed: 854 people
[2026-09-05 04:19:51 UTC] PUBLISHED
[2026-09-05 05:19:51 UTC] === refresh started ===
collecting at 2026-09-05T05:19:51Z

pull requests
  wrote data/raw/pulls.json (560 records)
issues
  wrote data/raw/issues.json (149 records)
contribution proofs
  wrote data/raw/proofs.json (145 records)
artifacts
  1491 candidates (1 new, 1490 cached)
  1029 genuinely reference Technocore
  wrote data/raw/artifacts.json (1029 records)
  wrote data/raw/meta.json (1 records)

done
ranked 858 people -> data/leaderboard.json

   #  who                           pts  PRs iss proof art
   1  khenzarr                       30    2   0     0   3
   2  Magicianhax                    29    2   1     0   1
   3  doboongkun                     28    2   0     0   2
   4  2TheMoom                       25    1   1     0   2
   5  Elfet                          24    2   0     0   1
   6  zkasuran                       23    1   0     0   3
   7  Orvynel                        20    2   0     0   0
   8  yinchun6969                    20    2   0     0   0
   9  erhnysr                        19    1   0     0   3
  10  teyrebaz33                     18    1   1     0   1
  11  alisemut0711-dev               17    1   0     0   2
  12  bunnyyxtan                     15    0   0     0   3
  13  emberkelp                      15    1   1     0   0
  14  miyawakiclaude                 15    0   0     0   3
  15  WIZARDspace                    15    1   1     0   0
  social card: rendered
wrote docs/index.html (43,869 bytes) and docs/leaderboard.json
[2026-09-05 05:26:10 UTC] ranking changed: 858 people
[2026-09-05 05:26:11 UTC] PUBLISHED
[2026-09-05 06:26:11 UTC] === refresh started ===
  ! gh api repos/Lordskid/technocore-agent-performance/readme...: gh: Not Found (HTTP 404)
collecting at 2026-09-05T06:26:12Z

pull requests
  wrote data/raw/pulls.json (560 records)
issues
  wrote data/raw/issues.json (149 records)
contribution proofs
  wrote data/raw/proofs.json (145 records)
artifacts
  1493 candidates (2 new, 1491 cached)
  1030 genuinely reference Technocore
  wrote data/raw/artifacts.json (1030 records)
  wrote data/raw/meta.json (1 records)

done
ranked 859 people -> data/leaderboard.json

   #  who                           pts  PRs iss proof art
   1  khenzarr                       30    2   0     0   3
   2  Magicianhax                    29    2   1     0   1
   3  doboongkun                     28    2   0     0   2
   4  2TheMoom                       25    1   1     0   2
   5  Elfet                          24    2   0     0   1
   6  zkasuran                       23    1   0     0   3
   7  Orvynel                        20    2   0     0   0
   8  yinchun6969                    20    2   0     0   0
   9  erhnysr                        19    1   0     0   3
  10  teyrebaz33                     18    1   1     0   1
  11  alisemut0711-dev               17    1   0     0   2
  12  bunnyyxtan                     15    0   0     0   3
  13  emberkelp                      15    1   1     0   0
  14  miyawakiclaude                 15    0   0     0   3
  15  WIZARDspace                    15    1   1     0   0
  social card: rendered
wrote docs/index.html (43,869 bytes) and docs/leaderboard.json
[2026-09-05 06:32:01 UTC] ranking changed: 859 people
[2026-09-05 06:32:03 UTC] PUBLISHED
[2026-09-05 07:32:03 UTC] === refresh started ===
collecting at 2026-09-05T07:32:03Z

pull requests
  wrote data/raw/pulls.json (560 records)
issues
  wrote data/raw/issues.json (149 records)
contribution proofs
  wrote data/raw/proofs.json (145 records)
artifacts
  1493 candidates (1 new, 1492 cached)
  1032 genuinely reference Technocore
  wrote data/raw/artifacts.json (1032 records)
  wrote data/raw/meta.json (1 records)

done
ranked 860 people -> data/leaderboard.json

   #  who                           pts  PRs iss proof art
   1  khenzarr                       30    2   0     0   3
   2  Magicianhax                    29    2   1     0   1
   3  doboongkun                     28    2   0     0   2
   4  2TheMoom                       25    1   1     0   2
   5  Elfet                          24    2   0     0   1
   6  zkasuran                       23    1   0     0   3
   7  Orvynel                        20    2   0     0   0
   8  yinchun6969                    20    2   0     0   0
   9  erhnysr                        19    1   0     0   3
  10  teyrebaz33                     18    1   1     0   1
  11  alisemut0711-dev               17    1   0     0   2
  12  bunnyyxtan                     15    0   0     0   3
  13  emberkelp                      15    1   1     0   0
  14  miyawakiclaude                 15    0   0     0   3
  15  WIZARDspace                    15    1   1     0   0
  social card: rendered
wrote docs/index.html (43,869 bytes) and docs/leaderboard.json
[2026-09-05 07:38:33 UTC] ranking changed: 860 people
[2026-09-05 07:38:35 UTC] PUBLISHED
[2026-09-05 08:38:35 UTC] === refresh started ===
collecting at 2026-09-05T08:38:35Z

pull requests
  wrote data/raw/pulls.json (560 records)
issues
  wrote data/raw/issues.json (149 records)
contribution proofs
  wrote data/raw/proofs.json (145 records)
artifacts
  1493 candidates (3 new, 1490 cached)
  1033 genuinely reference Technocore
  wrote data/raw/artifacts.json (1033 records)
  wrote data/raw/meta.json (1 records)

done
ranked 859 people -> data/leaderboard.json

   #  who                           pts  PRs iss proof art
   1  khenzarr                       30    2   0     0   3
   2  Magicianhax                    29    2   1     0   1
   3  doboongkun                     28    2   0     0   2
   4  2TheMoom                       25    1   1     0   2
   5  Elfet                          24    2   0     0   1
   6  zkasuran                       23    1   0     0   3
   7  Orvynel                        20    2   0     0   0
   8  yinchun6969                    20    2   0     0   0
   9  erhnysr                        19    1   0     0   3
  10  teyrebaz33                     18    1   1     0   1
  11  alisemut0711-dev               17    1   0     0   2
  12  bunnyyxtan                     15    0   0     0   3
  13  emberkelp                      15    1   1     0   0
  14  miyawakiclaude                 15    0   0     0   3
  15  WIZARDspace                    15    1   1     0   0
  social card: rendered
wrote docs/index.html (43,869 bytes) and docs/leaderboard.json
[2026-09-05 08:44:33 UTC] ranking changed: 859 people
[2026-09-05 08:44:35 UTC] PUBLISHED
[2026-09-05 09:44:35 UTC] === refresh started ===
collecting at 2026-09-05T09:44:35Z

pull requests
  wrote data/raw/pulls.json (560 records)
issues
  wrote data/raw/issues.json (149 records)
contribution proofs
  wrote data/raw/proofs.json (146 records)
artifacts
  1493 candidates (0 new, 1493 cached)
  1033 genuinely reference Technocore
  wrote data/raw/artifacts.json (1033 records)
  wrote data/raw/meta.json (1 records)

done
ranked 863 people -> data/leaderboard.json

   #  who                           pts  PRs iss proof art
   1  khenzarr                       30    2   0     0   3
   2  Magicianhax                    29    2   1     0   1
   3  doboongkun                     28    2   0     0   2
   4  2TheMoom                       25    1   1     0   2
   5  Elfet                          24    2   0     0   1
   6  zkasuran                       23    1   0     0   3
   7  Orvynel                        20    2   0     0   0
   8  yinchun6969                    20    2   0     0   0
   9  erhnysr                        19    1   0     0   3
  10  teyrebaz33                     18    1   1     0   1
  11  alisemut0711-dev               17    1   0     0   2
  12  bunnyyxtan                     15    0   0     0   3
  13  emberkelp                      15    1   1     0   0
  14  miyawakiclaude                 15    0   0     0   3
  15  WIZARDspace                    15    1   1     0   0
  social card: rendered
wrote docs/index.html (43,869 bytes) and docs/leaderboard.json
[2026-09-05 09:51:14 UTC] ranking changed: 863 people
[2026-09-05 09:51:15 UTC] PUBLISHED
[2026-09-05 10:51:15 UTC] === refresh started ===
collecting at 2026-09-05T10:51:15Z

pull requests
  wrote data/raw/pulls.json (560 records)
issues
  wrote data/raw/issues.json (149 records)
contribution proofs
  wrote data/raw/proofs.json (147 records)
artifacts
  1495 candidates (2 new, 1493 cached)
  1035 genuinely reference Technocore
  wrote data/raw/artifacts.json (1035 records)
  wrote data/raw/meta.json (1 records)

done
ranked 863 people -> data/leaderboard.json

   #  who                           pts  PRs iss proof art
   1  khenzarr                       30    2   0     0   3
   2  Magicianhax                    29    2   1     0   1
   3  doboongkun                     28    2   0     0   2
   4  2TheMoom                       25    1   1     0   2
   5  Elfet                          24    2   0     0   1
   6  zkasuran                       23    1   0     0   3
   7  Orvynel                        20    2   0     0   0
   8  yinchun6969                    20    2   0     0   0
   9  erhnysr                        19    1   0     0   3
  10  teyrebaz33                     18    1   1     0   1
  11  alisemut0711-dev               17    1   0     0   2
  12  bunnyyxtan                     15    0   0     0   3
  13  emberkelp                      15    1   1     0   0
  14  miyawakiclaude                 15    0   0     0   3
  15  WIZARDspace                    15    1   1     0   0
  social card: rendered
wrote docs/index.html (43,869 bytes) and docs/leaderboard.json
[2026-09-05 10:57:18 UTC] no ranking change; nothing published
[2026-09-05 11:57:18 UTC] === refresh started ===
collecting at 2026-09-05T11:57:18Z

pull requests
  wrote data/raw/pulls.json (561 records)
issues
  wrote data/raw/issues.json (149 records)
contribution proofs
  wrote data/raw/proofs.json (147 records)
artifacts
  1495 candidates (0 new, 1495 cached)
  1035 genuinely reference Technocore
  wrote data/raw/artifacts.json (1035 records)
  wrote data/raw/meta.json (1 records)

done
ranked 864 people -> data/leaderboard.json

   #  who                           pts  PRs iss proof art
   1  khenzarr                       30    2   0     0   3
   2  Magicianhax                    29    2   1     0   1
   3  doboongkun                     28    2   0     0   2
   4  2TheMoom                       25    1   1     0   2
   5  Elfet                          24    2   0     0   1
   6  zkasuran                       23    1   0     0   3
   7  Orvynel                        20    2   0     0   0
   8  yinchun6969                    20    2   0     0   0
   9  erhnysr                        19    1   0     0   3
  10  teyrebaz33                     18    1   1     0   1
  11  alisemut0711-dev               17    1   0     0   2
  12  bunnyyxtan                     15    0   0     0   3
  13  emberkelp                      15    1   1     0   0
  14  miyawakiclaude                 15    0   0     0   3
  15  WIZARDspace                    15    1   1     0   0
  social card: rendered
wrote docs/index.html (43,870 bytes) and docs/leaderboard.json
[2026-09-05 12:04:04 UTC] ranking changed: 864 people
[2026-09-05 12:04:06 UTC] PUBLISHED
[2026-09-05 13:04:06 UTC] === refresh started ===
  ! gh api repos/enesalp19/technocore-identity/readme...: gh: Not Found (HTTP 404)
collecting at 2026-09-05T13:04:06Z

pull requests
  wrote data/raw/pulls.json (562 records)
issues
  wrote data/raw/issues.json (149 records)
contribution proofs
  wrote data/raw/proofs.json (147 records)
artifacts
  1495 candidates (1 new, 1494 cached)
  1035 genuinely reference Technocore
  wrote data/raw/artifacts.json (1035 records)
  wrote data/raw/meta.json (1 records)

done
ranked 863 people -> data/leaderboard.json

   #  who                           pts  PRs iss proof art
   1  khenzarr                       30    2   0     0   3
   2  Magicianhax                    29    2   1     0   1
   3  doboongkun                     28    2   0     0   2
   4  2TheMoom                       25    1   1     0   2
   5  Elfet                          24    2   0     0   1
   6  zkasuran                       23    1   0     0   3
   7  Orvynel                        20    2   0     0   0
   8  yinchun6969                    20    2   0     0   0
   9  erhnysr                        19    1   0     0   3
  10  teyrebaz33                     18    1   1     0   1
  11  alisemut0711-dev               17    1   0     0   2
  12  bunnyyxtan                     15    0   0     0   3
  13  emberkelp                      15    1   1     0   0
  14  miyawakiclaude                 15    0   0     0   3
  15  WIZARDspace                    15    1   1     0   0
  social card: rendered
wrote docs/index.html (43,870 bytes) and docs/leaderboard.json
[2026-09-05 13:10:12 UTC] ranking changed: 863 people
[2026-09-05 13:10:14 UTC] PUBLISHED
[2026-09-05 14:10:14 UTC] === refresh started ===
collecting at 2026-09-05T14:10:14Z

pull requests
  wrote data/raw/pulls.json (562 records)
issues
  wrote data/raw/issues.json (149 records)
contribution proofs
  wrote data/raw/proofs.json (147 records)
artifacts
  1495 candidates (1 new, 1494 cached)
  1035 genuinely reference Technocore
  wrote data/raw/artifacts.json (1035 records)
  wrote data/raw/meta.json (1 records)

done
ranked 862 people -> data/leaderboard.json

   #  who                           pts  PRs iss proof art
   1  khenzarr                       30    2   0     0   3
   2  Magicianhax                    29    2   1     0   1
   3  doboongkun                     28    2   0     0   2
   4  2TheMoom                       25    1   1     0   2
   5  Elfet                          24    2   0     0   1
   6  zkasuran                       23    1   0     0   3
   7  Orvynel                        20    2   0     0   0
   8  yinchun6969                    20    2   0     0   0
   9  erhnysr                        19    1   0     0   3
  10  teyrebaz33                     18    1   1     0   1
  11  alisemut0711-dev               17    1   0     0   2
  12  bunnyyxtan                     15    0   0     0   3
  13  emberkelp                      15    1   1     0   0
  14  miyawakiclaude                 15    0   0     0   3
  15  WIZARDspace                    15    1   1     0   0
  social card: rendered
wrote docs/index.html (43,870 bytes) and docs/leaderboard.json
[2026-09-05 14:16:57 UTC] ranking changed: 862 people
[2026-09-05 14:16:58 UTC] PUBLISHED
[2026-09-05 15:16:58 UTC] === refresh started ===
collecting at 2026-09-05T15:16:59Z

pull requests
  wrote data/raw/pulls.json (562 records)
issues
  wrote data/raw/issues.json (149 records)
contribution proofs
  wrote data/raw/proofs.json (147 records)
artifacts
  1494 candidates (0 new, 1494 cached)
  1034 genuinely reference Technocore
  wrote data/raw/artifacts.json (1034 records)
  wrote data/raw/meta.json (1 records)

done
ranked 863 people -> data/leaderboard.json

   #  who                           pts  PRs iss proof art
   1  khenzarr                       30    2   0     0   3
   2  Magicianhax                    29    2   1     0   1
   3  doboongkun                     28    2   0     0   2
   4  2TheMoom                       25    1   1     0   2
   5  Elfet                          24    2   0     0   1
   6  zkasuran                       23    1   0     0   3
   7  Orvynel                        20    2   0     0   0
   8  yinchun6969                    20    2   0     0   0
   9  erhnysr                        19    1   0     0   3
  10  teyrebaz33                     18    1   1     0   1
  11  alisemut0711-dev               17    1   0     0   2
  12  bunnyyxtan                     15    0   0     0   3
  13  emberkelp                      15    1   1     0   0
  14  miyawakiclaude                 15    0   0     0   3
  15  WIZARDspace                    15    1   1     0   0
  social card: rendered
wrote docs/index.html (43,870 bytes) and docs/leaderboard.json
[2026-09-05 15:23:12 UTC] ranking changed: 863 people
[2026-09-05 15:23:14 UTC] PUBLISHED
[2026-09-05 16:23:15 UTC] === refresh started ===
collecting at 2026-09-05T16:23:15Z

pull requests
  wrote data/raw/pulls.json (562 records)
issues
  wrote data/raw/issues.json (149 records)
contribution proofs
  wrote data/raw/proofs.json (147 records)
artifacts
  1495 candidates (1 new, 1494 cached)
  1035 genuinely reference Technocore
  wrote data/raw/artifacts.json (1035 records)
  wrote data/raw/meta.json (1 records)

done
ranked 863 people -> data/leaderboard.json

   #  who                           pts  PRs iss proof art
   1  khenzarr                       30    2   0     0   3
   2  Magicianhax                    29    2   1     0   1
   3  doboongkun                     28    2   0     0   2
   4  2TheMoom                       25    1   1     0   2
   5  Elfet                          24    2   0     0   1
   6  zkasuran                       23    1   0     0   3
   7  alisemut0711-dev               21    1   0     0   3
   8  Orvynel                        20    2   0     0   0
   9  yinchun6969                    20    2   0     0   0
  10  erhnysr                        19    1   0     0   3
  11  teyrebaz33                     18    1   1     0   1
  12  bunnyyxtan                     15    0   0     0   3
  13  emberkelp                      15    1   1     0   0
  14  miyawakiclaude                 15    0   0     0   3
  15  WIZARDspace                    15    1   1     0   0
  social card: rendered
wrote docs/index.html (43,874 bytes) and docs/leaderboard.json
[2026-09-05 16:29:59 UTC] ranking changed: 863 people
[2026-09-05 16:30:00 UTC] PUBLISHED
[2026-09-05 17:30:00 UTC] === refresh started ===
collecting at 2026-09-05T17:30:00Z

pull requests
  wrote data/raw/pulls.json (564 records)
issues
  wrote data/raw/issues.json (149 records)
contribution proofs
  wrote data/raw/proofs.json (148 records)
artifacts
  1497 candidates (2 new, 1495 cached)
  1038 genuinely reference Technocore
  wrote data/raw/artifacts.json (1038 records)
  wrote data/raw/meta.json (1 records)

done
ranked 865 people -> data/leaderboard.json

   #  who                           pts  PRs iss proof art
   1  khenzarr                       30    2   0     0   3
   2  Magicianhax                    29    2   1     0   1
   3  doboongkun                     28    2   0     0   2
   4  2TheMoom                       25    1   1     0   2
   5  Elfet                          24    2   0     0   1
   6  zkasuran                       23    1   0     0   3
   7  Orvynel                        20    2   0     0   0
   8  yinchun6969                    20    2   0     0   0
   9  erhnysr                        19    1   0     0   3
  10  teyrebaz33                     18    1   1     0   1
  11  alisemut0711-dev               17    1   0     0   2
  12  bunnyyxtan                     15    0   0     0   3
  13  emberkelp                      15    1   1     0   0
  14  miyawakiclaude                 15    0   0     0   3
  15  WIZARDspace                    15    1   1     0   0
  social card: rendered
wrote docs/index.html (43,870 bytes) and docs/leaderboard.json
[2026-09-05 17:36:10 UTC] ranking changed: 865 people
[2026-09-05 17:36:23 UTC] PUBLISHED
[2026-09-05 18:36:23 UTC] === refresh started ===
collecting at 2026-09-05T18:36:23Z

pull requests
  wrote data/raw/pulls.json (566 records)
issues
  wrote data/raw/issues.json (150 records)
contribution proofs
  wrote data/raw/proofs.json (149 records)
artifacts
  1497 candidates (1 new, 1496 cached)
  1038 genuinely reference Technocore
  wrote data/raw/artifacts.json (1038 records)
  wrote data/raw/meta.json (1 records)

done
ranked 865 people -> data/leaderboard.json

   #  who                           pts  PRs iss proof art
   1  khenzarr                       30    2   0     0   3
   2  Magicianhax                    29    2   1     0   1
   3  doboongkun                     28    2   0     0   2
   4  2TheMoom                       25    1   1     0   2
   5  Elfet                          24    2   0     0   1
   6  zkasuran                       23    1   0     0   3
   7  Orvynel                        20    2   0     0   0
   8  yinchun6969                    20    2   0     0   0
   9  erhnysr                        19    1   0     0   3
  10  teyrebaz33                     18    1   1     0   1
  11  alisemut0711-dev               17    1   0     0   2
  12  bunnyyxtan                     15    0   0     0   3
  13  emberkelp                      15    1   1     0   0
  14  miyawakiclaude                 15    0   0     0   3
  15  WIZARDspace                    15    1   1     0   0
wrote data/corpus.json
  pulls        566 items  sha256:d07ff121e30b3820…
  issues       150 items  sha256:07b45ff6f95955b2…
  artifacts   1038 items  sha256:8c638ad61d4c477a…
  proofs       149 items  sha256:1077acc4d2497e13…
  social card: rendered
wrote docs/index.html (44,069 bytes) and docs/leaderboard.json
[2026-09-05 18:43:22 UTC] ranking changed: 865 people
[2026-09-05 18:43:23 UTC] PUBLISHED
[2026-09-05 19:43:23 UTC] === refresh started ===
collecting at 2026-09-05T19:43:23Z

pull requests
  wrote data/raw/pulls.json (566 records)
issues
  wrote data/raw/issues.json (150 records)
contribution proofs
  wrote data/raw/proofs.json (149 records)
artifacts
  1497 candidates (1 new, 1496 cached)
  1037 genuinely reference Technocore
  wrote data/raw/artifacts.json (1037 records)
  wrote data/raw/meta.json (1 records)

done
ranked 864 people -> data/leaderboard.json

   #  who                           pts  PRs iss proof art
   1  khenzarr                       30    2   0     0   3
   2  Magicianhax                    29    2   1     0   1
   3  doboongkun                     28    2   0     0   2
   4  2TheMoom                       25    1   1     0   2
   5  Elfet                          24    2   0     0   1
   6  zkasuran                       23    1   0     0   3
   7  alisemut0711-dev               21    1   0     0   3
   8  Orvynel                        20    2   0     0   0
   9  yinchun6969                    20    2   0     0   0
  10  erhnysr                        19    1   0     0   3
  11  teyrebaz33                     18    1   1     0   1
  12  bunnyyxtan                     15    0   0     0   3
  13  emberkelp                      15    1   1     0   0
  14  miyawakiclaude                 15    0   0     0   3
  15  WIZARDspace                    15    1   1     0   0
wrote data/corpus.json
  pulls        566 items  sha256:d07ff121e30b3820…
  issues       150 items  sha256:07b45ff6f95955b2…
  artifacts   1037 items  sha256:ab66b5b5031b8ae9…
  proofs       149 items  sha256:1077acc4d2497e13…
  social card: rendered
wrote docs/index.html (44,073 bytes) and docs/leaderboard.json
[2026-09-05 19:49:41 UTC] ranking changed: 864 people
[2026-09-05 19:49:43 UTC] PUBLISHED
[2026-09-05 20:49:43 UTC] === refresh started ===
collecting at 2026-09-05T20:49:43Z

pull requests
  wrote data/raw/pulls.json (567 records)
issues
  wrote data/raw/issues.json (150 records)
contribution proofs
  wrote data/raw/proofs.json (149 records)
artifacts
  1499 candidates (2 new, 1497 cached)
  1038 genuinely reference Technocore
  wrote data/raw/artifacts.json (1038 records)
  wrote data/raw/meta.json (1 records)

done
ranked 864 people -> data/leaderboard.json

   #  who                           pts  PRs iss proof art
   1  khenzarr                       30    2   0     0   3
   2  Magicianhax                    29    2   1     0   1
   3  doboongkun                     28    2   0     0   2
   4  2TheMoom                       25    1   1     0   2
   5  Elfet                          24    2   0     0   1
   6  zkasuran                       23    1   0     0   3
   7  Orvynel                        20    2   0     0   0
   8  yinchun6969                    20    2   0     0   0
   9  erhnysr                        19    1   0     0   3
  10  teyrebaz33                     18    1   1     0   1
  11  alisemut0711-dev               17    1   0     0   2
  12  bunnyyxtan                     15    0   0     0   3
  13  emberkelp                      15    1   1     0   0
  14  miyawakiclaude                 15    0   0     0   3
  15  WIZARDspace                    15    1   1     0   0
wrote data/corpus.json
  pulls        567 items  sha256:dc5125f5940baf6a…
  issues       150 items  sha256:07b45ff6f95955b2…
  artifacts   1038 items  sha256:759ff94ff66f0d9d…
  proofs       149 items  sha256:1077acc4d2497e13…
  social card: rendered
wrote docs/index.html (44,069 bytes) and docs/leaderboard.json
[2026-09-05 20:56:18 UTC] ranking changed: 864 people
[2026-09-05 20:56:20 UTC] PUBLISHED
[2026-09-05 21:56:20 UTC] === refresh started ===
collecting at 2026-09-05T21:56:20Z

pull requests
  wrote data/raw/pulls.json (567 records)
issues
  wrote data/raw/issues.json (150 records)
contribution proofs
  wrote data/raw/proofs.json (149 records)
artifacts
  1500 candidates (1 new, 1499 cached)
  1039 genuinely reference Technocore
  wrote data/raw/artifacts.json (1039 records)
  wrote data/raw/meta.json (1 records)

done
ranked 864 people -> data/leaderboard.json

   #  who                           pts  PRs iss proof art
   1  khenzarr                       30    2   0     0   3
   2  Magicianhax                    29    2   1     0   1
   3  doboongkun                     28    2   0     0   2
   4  2TheMoom                       25    1   1     0   2
   5  Elfet                          24    2   0     0   1
   6  zkasuran                       23    1   0     0   3
   7  Orvynel                        20    2   0     0   0
   8  yinchun6969                    20    2   0     0   0
   9  erhnysr                        19    1   0     0   3
  10  teyrebaz33                     18    1   1     0   1
  11  alisemut0711-dev               17    1   0     0   2
  12  bunnyyxtan                     15    0   0     0   3
  13  emberkelp                      15    1   1     0   0
  14  miyawakiclaude                 15    0   0     0   3
  15  WIZARDspace                    15    1   1     0   0
wrote data/corpus.json
  pulls        567 items  sha256:dc5125f5940baf6a…
  issues       150 items  sha256:07b45ff6f95955b2…
  artifacts   1039 items  sha256:2342e513819e9c9e…
  proofs       149 items  sha256:e0be88847a4e2731…
  social card: rendered
wrote docs/index.html (44,069 bytes) and docs/leaderboard.json
[2026-09-05 22:02:24 UTC] ranking changed: 864 people
[2026-09-05 22:02:26 UTC] PUBLISHED
[2026-09-05 23:02:26 UTC] === refresh started ===
collecting at 2026-09-05T23:02:26Z

pull requests
  wrote data/raw/pulls.json (567 records)
issues
  wrote data/raw/issues.json (150 records)
contribution proofs
  wrote data/raw/proofs.json (149 records)
artifacts
  1501 candidates (0 new, 1501 cached)
  1040 genuinely reference Technocore
  wrote data/raw/artifacts.json (1040 records)
  wrote data/raw/meta.json (1 records)

done
ranked 865 people -> data/leaderboard.json

   #  who                           pts  PRs iss proof art
   1  khenzarr                       30    2   0     0   3
   2  Magicianhax                    29    2   1     0   1
   3  doboongkun                     28    2   0     0   2
   4  2TheMoom                       25    1   1     0   2
   5  Elfet                          24    2   0     0   1
   6  zkasuran                       23    1   0     0   3
   7  Orvynel                        20    2   0     0   0
   8  yinchun6969                    20    2   0     0   0
   9  erhnysr                        19    1   0     0   3
  10  teyrebaz33                     18    1   1     0   1
  11  alisemut0711-dev               17    1   0     0   2
  12  bunnyyxtan                     15    0   0     0   3
  13  emberkelp                      15    1   1     0   0
  14  miyawakiclaude                 15    0   0     0   3
  15  WIZARDspace                    15    1   1     0   0
wrote data/corpus.json
  pulls        567 items  sha256:dc5125f5940baf6a…
  issues       150 items  sha256:07b45ff6f95955b2…
  artifacts   1040 items  sha256:794eebd65bf6aecf…
  proofs       149 items  sha256:e0be88847a4e2731…
  social card: rendered
wrote docs/index.html (44,069 bytes) and docs/leaderboard.json
[2026-09-05 23:08:54 UTC] ranking changed: 865 people
[2026-09-05 23:08:56 UTC] PUBLISHED
[2026-09-06 00:08:56 UTC] === refresh started ===
collecting at 2026-09-06T00:08:56Z

pull requests
  wrote data/raw/pulls.json (567 records)
issues
  wrote data/raw/issues.json (150 records)
contribution proofs
  wrote data/raw/proofs.json (149 records)
artifacts
  1501 candidates (0 new, 1501 cached)
  1040 genuinely reference Technocore
  wrote data/raw/artifacts.json (1040 records)
  wrote data/raw/meta.json (1 records)

done
ranked 865 people -> data/leaderboard.json

   #  who                           pts  PRs iss proof art
   1  khenzarr                       30    2   0     0   3
   2  Magicianhax                    29    2   1     0   1
   3  doboongkun                     28    2   0     0   2
   4  2TheMoom                       25    1   1     0   2
   5  Elfet                          24    2   0     0   1
   6  zkasuran                       23    1   0     0   3
   7  Orvynel                        20    2   0     0   0
   8  yinchun6969                    20    2   0     0   0
   9  erhnysr                        19    1   0     0   3
  10  teyrebaz33                     18    1   1     0   1
  11  alisemut0711-dev               17    1   0     0   2
  12  bunnyyxtan                     15    0   0     0   3
  13  emberkelp                      15    1   1     0   0
  14  miyawakiclaude                 15    0   0     0   3
  15  WIZARDspace                    15    1   1     0   0
wrote data/corpus.json
  pulls        567 items  sha256:dc5125f5940baf6a…
  issues       150 items  sha256:07b45ff6f95955b2…
  artifacts   1040 items  sha256:794eebd65bf6aecf…
  proofs       149 items  sha256:41271b093d55a0ad…
  social card: rendered
wrote docs/index.html (44,069 bytes) and docs/leaderboard.json
[2026-09-06 00:14:49 UTC] no ranking change; nothing published
[2026-09-06 01:14:49 UTC] === refresh started ===
collecting at 2026-09-06T01:14:49Z

pull requests
  wrote data/raw/pulls.json (568 records)
issues
  wrote data/raw/issues.json (150 records)
contribution proofs
  wrote data/raw/proofs.json (149 records)
artifacts
  1502 candidates (1 new, 1501 cached)
  1040 genuinely reference Technocore
  wrote data/raw/artifacts.json (1040 records)
  wrote data/raw/meta.json (1 records)

done
ranked 865 people -> data/leaderboard.json

   #  who                           pts  PRs iss proof art
   1  khenzarr                       30    2   0     0   3
   2  Magicianhax                    29    2   1     0   1
   3  doboongkun                     28    2   0     0   2
   4  2TheMoom                       25    1   1     0   2
   5  Elfet                          24    2   0     0   1
   6  zkasuran                       23    1   0     0   3
   7  Orvynel                        20    2   0     0   0
   8  yinchun6969                    20    2   0     0   0
   9  erhnysr                        19    1   0     0   3
  10  teyrebaz33                     18    1   1     0   1
  11  alisemut0711-dev               17    1   0     0   2
  12  bunnyyxtan                     15    0   0     0   3
  13  emberkelp                      15    1   1     0   0
  14  miyawakiclaude                 15    0   0     0   3
  15  WIZARDspace                    15    1   1     0   0
wrote data/corpus.json
  pulls        568 items  sha256:8899b09ca6708e22…
  issues       150 items  sha256:07b45ff6f95955b2…
  artifacts   1040 items  sha256:794eebd65bf6aecf…
  proofs       149 items  sha256:41271b093d55a0ad…
  social card: rendered
wrote docs/index.html (44,069 bytes) and docs/leaderboard.json
[2026-09-06 01:21:09 UTC] no ranking change; nothing published
[2026-09-06 02:21:09 UTC] === refresh started ===
collecting at 2026-09-06T02:21:09Z

pull requests
  wrote data/raw/pulls.json (564 records)
issues
  wrote data/raw/issues.json (150 records)
contribution proofs
  wrote data/raw/proofs.json (149 records)
artifacts
  1502 candidates (1 new, 1501 cached)
  1040 genuinely reference Technocore
  wrote data/raw/artifacts.json (1040 records)
  wrote data/raw/meta.json (1 records)

done
ranked 864 people -> data/leaderboard.json

   #  who                           pts  PRs iss proof art
   1  khenzarr                       30    2   0     0   3
   2  Magicianhax                    29    2   1     0   1
   3  doboongkun                     28    2   0     0   2
   4  2TheMoom                       25    1   1     0   2
   5  Elfet                          24    2   0     0   1
   6  zkasuran                       23    1   0     0   3
   7  Orvynel                        20    2   0     0   0
   8  yinchun6969                    20    2   0     0   0
   9  erhnysr                        19    1   0     0   3
  10  teyrebaz33                     18    1   1     0   1
  11  alisemut0711-dev               17    1   0     0   2
  12  bunnyyxtan                     15    0   0     0   3
  13  emberkelp                      15    1   1     0   0
  14  miyawakiclaude                 15    0   0     0   3
  15  WIZARDspace                    15    1   1     0   0
wrote data/corpus.json
  pulls        564 items  sha256:4c05e61bc8385bbf…
  issues       150 items  sha256:07b45ff6f95955b2…
  artifacts   1040 items  sha256:d96a7a267101b561…
  proofs       149 items  sha256:41271b093d55a0ad…
  social card: rendered
wrote docs/index.html (44,069 bytes) and docs/leaderboard.json
[2026-09-06 02:26:58 UTC] ranking changed: 864 people
[2026-09-06 02:26:59 UTC] PUBLISHED
[2026-09-06 03:26:59 UTC] === refresh started ===
collecting at 2026-09-06T03:26:59Z

pull requests
  wrote data/raw/pulls.json (565 records)
issues
  wrote data/raw/issues.json (150 records)
contribution proofs
  wrote data/raw/proofs.json (149 records)
artifacts
  1503 candidates (2 new, 1501 cached)
  1041 genuinely reference Technocore
  wrote data/raw/artifacts.json (1041 records)
  wrote data/raw/meta.json (1 records)

done
ranked 866 people -> data/leaderboard.json

   #  who                           pts  PRs iss proof art
   1  khenzarr                       30    2   0     0   3
   2  Magicianhax                    29    2   1     0   1
   3  doboongkun                     28    2   0     0   2
   4  2TheMoom                       25    1   1     0   2
   5  Elfet                          24    2   0     0   1
   6  zkasuran                       23    1   0     0   3
   7  Sertug17                       21    1   1     0   2
   8  Orvynel                        20    2   0     0   0
   9  yinchun6969                    20    2   0     0   0
  10  erhnysr                        19    1   0     0   3
  11  teyrebaz33                     18    1   1     0   1
  12  alisemut0711-dev               17    1   0     0   2
  13  bunnyyxtan                     15    0   0     0   3
  14  emberkelp                      15    1   1     0   0
  15  miyawakiclaude                 15    0   0     0   3
wrote data/corpus.json
  pulls        565 items  sha256:25f4f14f74f8e0a5…
  issues       150 items  sha256:07b45ff6f95955b2…
  artifacts   1041 items  sha256:cc796a8e3e080a27…
  proofs       149 items  sha256:41271b093d55a0ad…
  social card: rendered
wrote docs/index.html (44,530 bytes) and docs/leaderboard.json
[2026-09-06 03:33:16 UTC] ranking changed: 866 people
[2026-09-06 03:33:18 UTC] PUBLISHED
[2026-09-06 04:33:18 UTC] === refresh started ===
collecting at 2026-09-06T04:33:18Z

pull requests
  wrote data/raw/pulls.json (552 records)
issues
  wrote data/raw/issues.json (150 records)
contribution proofs
  wrote data/raw/proofs.json (150 records)
artifacts
  1503 candidates (0 new, 1503 cached)
  1041 genuinely reference Technocore
  wrote data/raw/artifacts.json (1041 records)
  wrote data/raw/meta.json (1 records)

done
ranked 867 people -> data/leaderboard.json

   #  who                           pts  PRs iss proof art
   1  khenzarr                       30    2   0     0   3
   2  Magicianhax                    29    2   1     0   1
   3  doboongkun                     28    2   0     0   2
   4  2TheMoom                       25    1   1     0   2
   5  Elfet                          24    2   0     0   1
   6  zkasuran                       23    1   0     0   3
   7  Sertug17                       21    1   1     0   2
   8  Orvynel                        20    2   0     0   0
   9  yinchun6969                    20    2   0     0   0
  10  erhnysr                        19    1   0     0   3
  11  teyrebaz33                     18    1   1     0   1
  12  alisemut0711-dev               17    1   0     0   2
  13  bunnyyxtan                     15    0   0     0   3
  14  emberkelp                      15    1   1     0   0
  15  miyawakiclaude                 15    0   0     0   3
wrote data/corpus.json
  pulls        552 items  sha256:e1eac9d4b2b2b5f2…
  issues       150 items  sha256:07b45ff6f95955b2…
  artifacts   1041 items  sha256:cc796a8e3e080a27…
  proofs       150 items  sha256:b05e15fb00167995…
  social card: rendered
wrote docs/index.html (44,530 bytes) and docs/leaderboard.json
[2026-09-06 04:39:05 UTC] ranking changed: 867 people
[2026-09-06 04:39:07 UTC] PUBLISHED
[2026-09-06 05:39:07 UTC] === refresh started ===
collecting at 2026-09-06T05:39:07Z

pull requests
  wrote data/raw/pulls.json (551 records)
issues
  wrote data/raw/issues.json (150 records)
contribution proofs
  wrote data/raw/proofs.json (150 records)
artifacts
  1503 candidates (0 new, 1503 cached)
  1041 genuinely reference Technocore
  wrote data/raw/artifacts.json (1041 records)
  wrote data/raw/meta.json (1 records)

done
ranked 867 people -> data/leaderboard.json

   #  who                           pts  PRs iss proof art
   1  Magicianhax                    39    3   1     0   1
   2  khenzarr                       30    2   0     0   3
   3  doboongkun                     28    2   0     0   2
   4  2TheMoom                       25    1   1     0   2
   5  WIZARDspace                    25    2   1     0   0
   6  Elfet                          24    2   0     0   1
   7  zkasuran                       23    1   0     0   3
   8  Sertug17                       21    1   1     0   2
   9  Orvynel                        20    2   0     0   0
  10  yinchun6969                    20    2   0     0   0
  11  erhnysr                        19    1   0     0   3
  12  teyrebaz33                     18    1   1     0   1
  13  alisemut0711-dev               17    1   0     0   2
  14  bunnyyxtan                     15    0   0     0   3
  15  emberkelp                      15    1   1     0   0
wrote data/corpus.json
  pulls        551 items  sha256:e7ca95fdbdf7c9e6…
  issues       150 items  sha256:07b45ff6f95955b2…
  artifacts   1041 items  sha256:cc796a8e3e080a27…
  proofs       150 items  sha256:b05e15fb00167995…
  social card: rendered
wrote docs/index.html (44,534 bytes) and docs/leaderboard.json
[2026-09-06 05:45:26 UTC] ranking changed: 867 people
[2026-09-06 05:45:27 UTC] PUBLISHED
[2026-09-06 06:45:28 UTC] === refresh started ===
collecting at 2026-09-06T06:45:28Z

pull requests
  wrote data/raw/pulls.json (551 records)
issues
  wrote data/raw/issues.json (150 records)
contribution proofs
  wrote data/raw/proofs.json (150 records)
artifacts
  1499 candidates (0 new, 1499 cached)
  1037 genuinely reference Technocore
  wrote data/raw/artifacts.json (1037 records)
  wrote data/raw/meta.json (1 records)

done
ranked 861 people -> data/leaderboard.json

   #  who                           pts  PRs iss proof art
   1  Magicianhax                    39    3   1     0   1
   2  khenzarr                       30    2   0     0   3
   3  doboongkun                     28    2   0     0   2
   4  2TheMoom                       25    1   1     0   2
   5  WIZARDspace                    25    2   1     0   0
   6  Elfet                          24    2   0     0   1
   7  zkasuran                       23    1   0     0   3
   8  Sertug17                       21    1   1     0   2
   9  Orvynel                        20    2   0     0   0
  10  yinchun6969                    20    2   0     0   0
  11  erhnysr                        19    1   0     0   3
  12  teyrebaz33                     18    1   1     0   1
  13  alisemut0711-dev               17    1   0     0   2
  14  bunnyyxtan                     15    0   0     0   3
  15  emberkelp                      15    1   1     0   0
wrote data/corpus.json
  pulls        551 items  sha256:e7ca95fdbdf7c9e6…
  issues       150 items  sha256:07b45ff6f95955b2…
  artifacts   1037 items  sha256:5f54a51042b7bb18…
  proofs       150 items  sha256:b05e15fb00167995…
  social card: rendered
wrote docs/index.html (44,534 bytes) and docs/leaderboard.json
[2026-09-06 06:51:45 UTC] ranking changed: 861 people
[2026-09-06 06:51:47 UTC] PUBLISHED
[2026-09-06 07:51:47 UTC] === refresh started ===
collecting at 2026-09-06T07:51:47Z

pull requests
  wrote data/raw/pulls.json (554 records)
issues
  wrote data/raw/issues.json (150 records)
contribution proofs
  wrote data/raw/proofs.json (151 records)
artifacts
  1499 candidates (1 new, 1498 cached)
  1038 genuinely reference Technocore
  wrote data/raw/artifacts.json (1038 records)
  wrote data/raw/meta.json (1 records)

done
ranked 861 people -> data/leaderboard.json

   #  who                           pts  PRs iss proof art
   1  Magicianhax                    39    3   1     0   1
   2  khenzarr                       30    2   0     0   3
   3  doboongkun                     28    2   0     0   2
   4  2TheMoom                       25    1   1     0   2
   5  WIZARDspace                    25    2   1     0   0
   6  Elfet                          24    2   0     0   1
   7  zkasuran                       23    1   0     0   3
   8  Sertug17                       21    1   1     0   2
   9  Orvynel                        20    2   0     0   0
  10  yinchun6969                    20    2   0     0   0
  11  erhnysr                        19    1   0     0   3
  12  teyrebaz33                     18    1   1     0   1
  13  alisemut0711-dev               17    1   0     0   2
  14  bunnyyxtan                     15    0   0     0   3
  15  emberkelp                      15    1   1     0   0
wrote data/corpus.json
  pulls        554 items  sha256:7e1f3429f0e9c1b3…
  issues       150 items  sha256:07b45ff6f95955b2…
  artifacts   1038 items  sha256:7c3513e487b1e0e2…
  proofs       151 items  sha256:5175ab837558486f…
  social card: rendered
wrote docs/index.html (44,534 bytes) and docs/leaderboard.json
[2026-09-06 07:58:17 UTC] ranking changed: 861 people
[2026-09-06 07:58:18 UTC] PUBLISHED
[2026-09-06 08:58:18 UTC] === refresh started ===
collecting at 2026-09-06T08:58:18Z

pull requests
  wrote data/raw/pulls.json (554 records)
issues
  wrote data/raw/issues.json (150 records)
contribution proofs
  wrote data/raw/proofs.json (152 records)
artifacts
  1491 candidates (0 new, 1491 cached)
  1032 genuinely reference Technocore
  wrote data/raw/artifacts.json (1032 records)
  wrote data/raw/meta.json (1 records)

done
ranked 856 people -> data/leaderboard.json

   #  who                           pts  PRs iss proof art
   1  Magicianhax                    39    3   1     0   1
   2  khenzarr                       30    2   0     0   3
   3  doboongkun                     28    2   0     0   2
   4  2TheMoom                       25    1   1     0   2
   5  WIZARDspace                    25    2   1     0   0
   6  Elfet                          24    2   0     0   1
   7  zkasuran                       23    1   0     0   3
   8  Sertug17                       21    1   1     0   2
   9  Orvynel                        20    2   0     0   0
  10  yinchun6969                    20    2   0     0   0
  11  erhnysr                        19    1   0     0   3
  12  teyrebaz33                     18    1   1     0   1
  13  alisemut0711-dev               17    1   0     0   2
  14  bunnyyxtan                     15    0   0     0   3
  15  emberkelp                      15    1   1     0   0
wrote data/corpus.json
  pulls        554 items  sha256:7e1f3429f0e9c1b3…
  issues       150 items  sha256:07b45ff6f95955b2…
  artifacts   1032 items  sha256:312e36749bef6003…
  proofs       152 items  sha256:7319b77cda9534b9…
  social card: rendered
wrote docs/index.html (44,533 bytes) and docs/leaderboard.json
[2026-09-06 09:04:22 UTC] ranking changed: 856 people
[2026-09-06 09:04:23 UTC] PUBLISHED
[2026-09-06 10:04:23 UTC] === refresh started ===
collecting at 2026-09-06T10:04:23Z

pull requests
  wrote data/raw/pulls.json (556 records)
issues
  wrote data/raw/issues.json (150 records)
contribution proofs
  wrote data/raw/proofs.json (152 records)
artifacts
  1501 candidates (0 new, 1501 cached)
  1039 genuinely reference Technocore
  wrote data/raw/artifacts.json (1039 records)
  wrote data/raw/meta.json (1 records)

done
ranked 863 people -> data/leaderboard.json

   #  who                           pts  PRs iss proof art
   1  Magicianhax                    39    3   1     0   1
   2  khenzarr                       30    2   0     0   3
   3  doboongkun                     28    2   0     0   2
   4  2TheMoom                       25    1   1     0   2
   5  WIZARDspace                    25    2   1     0   0
   6  Elfet                          24    2   0     0   1
   7  zkasuran                       23    1   0     0   3
   8  Sertug17                       21    1   1     0   2
   9  Orvynel                        20    2   0     0   0
  10  yinchun6969                    20    2   0     0   0
  11  erhnysr                        19    1   0     0   3
  12  teyrebaz33                     18    1   1     0   1
  13  alisemut0711-dev               17    1   0     0   2
  14  bunnyyxtan                     15    0   0     0   3
  15  emberkelp                      15    1   1     0   0
wrote data/corpus.json
  pulls        556 items  sha256:8c6c476f3137f579…
  issues       150 items  sha256:07b45ff6f95955b2…
  artifacts   1039 items  sha256:6f2951c6a16f3add…
  proofs       152 items  sha256:7319b77cda9534b9…
  social card: rendered
wrote docs/index.html (44,534 bytes) and docs/leaderboard.json
[2026-09-06 10:11:00 UTC] ranking changed: 863 people
[2026-09-06 10:11:01 UTC] PUBLISHED
[2026-09-06 11:11:01 UTC] === refresh started ===
collecting at 2026-09-06T11:11:01Z

pull requests
  wrote data/raw/pulls.json (556 records)
issues
  wrote data/raw/issues.json (150 records)
contribution proofs
  wrote data/raw/proofs.json (152 records)
artifacts
  1501 candidates (0 new, 1501 cached)
  1039 genuinely reference Technocore
  wrote data/raw/artifacts.json (1039 records)
  wrote data/raw/meta.json (1 records)

done
ranked 863 people -> data/leaderboard.json

   #  who                           pts  PRs iss proof art
   1  Magicianhax                    39    3   1     0   1
   2  khenzarr                       30    2   0     0   3
   3  doboongkun                     28    2   0     0   2
   4  2TheMoom                       25    1   1     0   2
   5  WIZARDspace                    25    2   1     0   0
   6  Elfet                          24    2   0     0   1
   7  zkasuran                       23    1   0     0   3
   8  Sertug17                       21    1   1     0   2
   9  Orvynel                        20    2   0     0   0
  10  yinchun6969                    20    2   0     0   0
  11  erhnysr                        19    1   0     0   3
  12  teyrebaz33                     18    1   1     0   1
  13  alisemut0711-dev               17    1   0     0   2
  14  bunnyyxtan                     15    0   0     0   3
  15  emberkelp                      15    1   1     0   0
wrote data/corpus.json
  pulls        556 items  sha256:8c6c476f3137f579…
  issues       150 items  sha256:07b45ff6f95955b2…
  artifacts   1039 items  sha256:6f2951c6a16f3add…
  proofs       152 items  sha256:7319b77cda9534b9…
  social card: rendered
wrote docs/index.html (44,534 bytes) and docs/leaderboard.json
[2026-09-06 11:17:11 UTC] ranking changed: 863 people
[2026-09-06 11:17:13 UTC] PUBLISHED
[2026-09-06 12:17:13 UTC] === refresh started ===
collecting at 2026-09-06T12:17:13Z

pull requests
  wrote data/raw/pulls.json (556 records)
issues
  wrote data/raw/issues.json (151 records)
contribution proofs
  wrote data/raw/proofs.json (152 records)
artifacts
  1500 candidates (0 new, 1500 cached)
  1039 genuinely reference Technocore
  wrote data/raw/artifacts.json (1039 records)
  wrote data/raw/meta.json (1 records)

done
ranked 863 people -> data/leaderboard.json

   #  who                           pts  PRs iss proof art
   1  Magicianhax                    39    3   1     0   1
   2  khenzarr                       30    2   0     0   3
   3  doboongkun                     28    2   0     0   2
   4  2TheMoom                       25    1   1     0   2
   5  WIZARDspace                    25    2   1     0   0
   6  Elfet                          24    2   0     0   1
   7  zkasuran                       23    1   0     0   3
   8  Sertug17                       21    1   1     0   2
   9  Orvynel                        20    2   0     0   0
  10  yinchun6969                    20    2   0     0   0
  11  erhnysr                        19    1   0     0   3
  12  teyrebaz33                     18    1   1     0   1
  13  alisemut0711-dev               17    1   0     0   2
  14  bunnyyxtan                     15    0   0     0   3
  15  emberkelp                      15    1   1     0   0
wrote data/corpus.json
  pulls        556 items  sha256:8c6c476f3137f579…
  issues       151 items  sha256:cab14148d2a40630…
  artifacts   1039 items  sha256:af40f17b7d1fb588…
  proofs       152 items  sha256:7319b77cda9534b9…
  social card: rendered
wrote docs/index.html (44,534 bytes) and docs/leaderboard.json
[2026-09-06 12:23:57 UTC] ranking changed: 863 people
[2026-09-06 12:23:59 UTC] PUBLISHED
[2026-09-06 13:23:59 UTC] === refresh started ===
collecting at 2026-09-06T13:23:59Z

pull requests
  wrote data/raw/pulls.json (556 records)
issues
  wrote data/raw/issues.json (152 records)
contribution proofs
  wrote data/raw/proofs.json (152 records)
artifacts
  1501 candidates (1 new, 1500 cached)
  1039 genuinely reference Technocore
  wrote data/raw/artifacts.json (1039 records)
  wrote data/raw/meta.json (1 records)

done
ranked 863 people -> data/leaderboard.json

   #  who                           pts  PRs iss proof art
   1  Magicianhax                    39    3   1     0   1
   2  khenzarr                       30    2   0     0   3
   3  doboongkun                     28    2   0     0   2
   4  2TheMoom                       25    1   1     0   2
   5  WIZARDspace                    25    2   1     0   0
   6  Elfet                          24    2   0     0   1
   7  zkasuran                       23    1   0     0   3
   8  Sertug17                       21    1   1     0   2
   9  Orvynel                        20    2   0     0   0
  10  yinchun6969                    20    2   0     0   0
  11  erhnysr                        19    1   0     0   3
  12  teyrebaz33                     18    1   1     0   1
  13  alisemut0711-dev               17    1   0     0   2
  14  bunnyyxtan                     15    0   0     0   3
  15  emberkelp                      15    1   1     0   0
wrote data/corpus.json
  pulls        556 items  sha256:a99ed09186605b2d…
  issues       152 items  sha256:45006dfc1fb1017c…
  artifacts   1039 items  sha256:d48572f37ef4d375…
  proofs       152 items  sha256:7319b77cda9534b9…
  social card: rendered
wrote docs/index.html (44,534 bytes) and docs/leaderboard.json
[2026-09-06 13:30:11 UTC] ranking changed: 863 people
[2026-09-06 13:30:13 UTC] PUBLISHED
[2026-09-06 14:30:13 UTC] === refresh started ===
